,股票代码,股票名称,最新价,涨幅,3日均线,5日均线,10日均线,3日均线涨幅,5日均线涨幅,10日均线涨幅
1473,601519,大智慧,12.98,10.0,15,21,20,237.14,279.53,266.67
1501,603000,人民网,25.99,-7.57,-1,28,43,0.0,213.13,254.57
1144,600131,岷江水电,20.90,10.0,16,16,16,206.9,206.9,206.9
266,002157,正邦科技,17.58,9.94,5,6,28,35.96,49.62,176.85
315,002234,民和股份,32.79,6.88,6,6,36,31.42,31.42,175.55
127,000859,国风塑业,8.10,-10.0,-1,-1,20,0.0,0.0,162.14
518,002600,领益智造,7.30,-8.64,-1,10,20,0.0,56.65,153.47
1444,601066,中信建投,28.04,-10.01,-1,22,25,0.0,140.07,145.1
587,002750,龙津药业,14.11,9.98,21,20,19,153.32,147.54,144.54
449,002458,益生股份,41.15,-0.27,-3,-1,22,-0.36,0.0,142.06
1377,600776,东方通信,36.44,-10.0,-1,5,19,0.0,19.79,140.85
1587,603383,顶点软件,80.67,-6.34,-1,21,21,0.0,137.96,137.96
706,300085,银之杰,19.13,-9.98,-1,21,20,0.0,151.38,137.34
187,002017,东信和平,22.67,10.0,6,14,14,61.01,129.45,129.45
665,300017,网宿科技,17.29,9.99,6,6,20,60.99,60.99,117.48
909,300397,天和防务,20.73,-8.6,-1,-1,19,0.0,0.0,114.37
102,000727,华东科技,3.30,-6.52,-1,6,20,0.0,36.93,111.54
1310,600604,市北高新,15.57,-10.0,-1,20,17,0.0,126.31,108.71
276,002175,东方网络,6.38,10.0,6,11,18,61.52,91.02,108.5
1312,600610,*ST毅达,4.06,-3.1,-1,20,19,0.0,118.28,108.21
877,300352,北信源,6.83,5.73,7,11,44,28.87,45.01,107.6
1236,600375,华菱星马,7.93,7.74,7,20,19,73.52,112.03,107.05
1478,601608,中信重工,5.67,-10.0,-1,22,21,0.0,109.23,106.93
1255,600446,金证股份,23.77,-10.0,-1,6,21,0.0,13.73,106.88
1278,600536,中国软件,44.53,10.0,5,5,20,41.01,41.01,101.49
759,300175,朗源股份,8.27,9.97,7,11,20,77.09,85.84,100.73
49,000536,华映科技,4.01,-10.09,-1,-1,19,0.0,0.0,100.5
1314,600613,神奇制药,10.00,-0.1,7,20,20,60.77,98.02,98.02
1465,601319,中国人保,11.55,-9.98,-1,15,15,0.0,96.76,96.76
1490,601860,紫金银行,10.62,-10.0,-1,11,18,0.0,77.59,96.3
893,300370,安控科技,5.24,10.08,10,10,17,68.49,68.49,96.25
1051,300638,广和通,54.34,10.0,1,21,20,0.0,102.99,95.12
169,000971,高升控股,6.06,9.98,5,21,18,46.38,110.42,94.23
671,300033,同花顺,81.90,-5.01,-1,-1,22,0.0,0.0,91.44
756,300170,汉得信息,20.32,10.02,6,5,21,61.14,46.5,91.16
58,000563,陕国投Ａ,5.42,-9.97,-1,-1,20,0.0,0.0,90.18
1370,600756,浪潮软件,30.89,10.01,5,5,22,46.4,46.4,90.09
995,300538,同益股份,37.86,-5.52,-1,11,19,0.0,75.28,88.55
1495,601890,亚星锚链,6.99,-10.04,-1,20,19,0.0,86.4,84.43
677,300043,星辉娱乐,6.24,10.05,11,20,20,62.92,84.07,84.07
1449,601108,财通证券,14.02,2.86,6,5,20,32.51,30.3,83.99
1584,603363,傲农生物,15.32,9.43,5,5,20,28.09,28.09,83.91
1127,600086,东方金钰,6.39,-10.0,-1,5,19,0.0,17.9,83.62
1189,600238,*ST椰岛,8.63,-4.96,-1,-1,46,0.0,0.0,82.84
1405,600864,哈投股份,8.02,10.01,6,5,19,36.39,33.89,79.42
460,002488,金固股份,11.99,4.62,5,20,19,39.26,83.9,79.22
731,300125,易世达,25.17,1.86,7,20,17,53.76,81.34,79.02
10,000037,深南电A,9.09,-7.72,-3,-1,17,-8.46,0.0,77.54
660,300008,天海防务,4.55,-10.08,-1,19,18,0.0,83.47,76.36
1328,600651,飞乐音响,5.23,-9.83,-1,19,16,0.0,80.34,76.09
1086,300710,万隆光电,36.75,-9.99,-1,-1,18,0.0,0.0,75.84
1036,300612,宣亚国际,25.49,-9.99,-2,-1,17,-9.99,0.0,74.83
352,002299,圣农发展,28.56,-0.31,-3,-1,48,-0.45,0.0,74.47
551,002668,奥马电器,6.81,-10.04,-1,6,17,0.0,26.35,74.17
131,000876,新 希 望,13.46,5.82,1,6,31,0.0,18.38,73.68
584,002746,仙坛股份,24.27,0.46,1,-1,41,0.0,0.0,73.23
1692,603986,兆易创新,105.90,1.34,1,12,31,0.0,37.34,72.7
437,002437,誉衡药业,4.86,9.95,4,11,20,33.15,52.35,71.73
97,000711,京蓝科技,8.85,0.57,5,5,16,33.89,33.89,71.18
937,300446,乐凯新材,24.76,3.17,4,21,20,24.8,74.86,70.52
702,300079,数码科技,6.77,10.08,7,11,11,60.81,69.25,69.25
829,300278,华昌达,9.95,1.43,11,10,9,76.73,71.85,69.22
1464,601311,骆驼股份,14.66,9.98,6,5,19,47.78,46.31,69.09
1061,300659,中孚信息,33.20,3.75,2,2,19,3.75,3.75,68.7
1292,600572,康恩贝,9.95,-0.1,7,15,20,21.79,62.58,68.64
456,002477,雏鹰农牧,2.73,-3.87,5,6,20,9.2,11.89,68.52
863,300331,苏大维格,19.12,10.01,8,21,20,29.45,73.35,68.46
20,000066,中国长城,8.33,5.71,6,5,41,19.17,17.49,68.28
1459,601212,白银有色,5.30,0.38,6,6,18,47.22,47.22,68.25
833,300287,飞利信,6.32,9.91,5,5,16,41.39,41.39,68.09
728,300115,长盈精密,13.17,-3.37,4,4,21,8.04,8.04,67.98
387,002359,北讯集团,13.00,3.17,5,5,20,33.2,33.2,67.96
830,300279,和晶科技,7.65,-10.0,-1,6,19,0.0,31.67,67.76
248,002131,利欧股份,2.41,5.7,5,20,19,30.27,72.14,67.36
1486,601789,宁波建工,5.45,10.1,7,20,20,47.7,66.16,66.16
996,300539,横河模具,13.39,10.02,3,3,21,21.07,21.07,65.72
812,300249,依米康,9.92,5.31,5,5,22,40.31,40.31,65.61
652,002945,华林证券,15.93,-10.0,-1,-1,23,0.0,0.0,65.59
899,300379,东方通,25.04,-9.99,-1,10,21,0.0,25.2,65.5
114,000810,创维数字,12.28,9.94,7,10,10,59.48,65.28,65.28
1645,603729,龙韵股份,23.47,9.98,7,20,19,41.39,66.93,64.93
372,002333,罗普斯金,8.46,-10.0,-1,11,20,0.0,45.86,64.91
398,002373,千方科技,19.98,5.71,7,7,27,33.38,33.38,63.77
1446,601099,太平洋,4.27,-9.92,-1,-1,20,0.0,0.0,63.6
479,002530,金财互联,10.08,-2.04,7,21,20,18.31,67.44,63.11
1598,603501,韦尔股份,50.19,4.82,6,6,20,21.06,21.06,62.43
911,300399,京天利,14.20,0.35,6,5,20,26.56,24.67,61.73
386,002356,赫美集团,10.35,9.99,10,9,6,69.67,62.99,61.21
1338,600682,南京新百,14.50,-5.41,-1,23,21,0.0,64.21,61.11
924,300423,鲁亿通,29.85,-0.67,12,21,21,28.89,61.09,61.09
1128,600088,中视传媒,14.20,4.8,6,5,19,26.45,24.56,60.45
433,002429,兆驰股份,3.32,1.22,6,10,20,19.0,18.15,60.39
326,002252,上海莱士,10.55,10.01,3,6,15,8.32,15.43,60.09
1120,600072,中船科技,11.85,10.03,12,18,18,49.81,59.92,59.92
1252,600425,青松建化,5.08,-9.93,-1,10,20,0.0,44.32,59.75
1129,600093,易见股份,13.22,-10.01,-1,5,20,0.0,19.75,59.66
230,002095,生 意 宝,30.40,-10.01,-1,-1,20,0.0,0.0,59.66
927,300431,暴风集团,12.69,9.97,5,5,18,30.56,30.56,59.42
581,002736,国信证券,13.60,-1.81,6,6,21,14.67,14.67,59.25
655,300002,神州泰岳,5.23,-6.27,-1,21,19,0.0,66.03,58.48
1397,600839,四川长虹,3.92,-6.89,-1,11,20,0.0,48.48,58.06
1500,601990,南京证券,14.45,-9.97,-1,-1,19,0.0,0.0,57.92
171,000977,浪潮信息,26.40,-9.53,-1,5,27,0.0,11.35,57.89
124,000839,中信国安,5.32,-9.06,-1,-1,21,0.0,0.0,57.86
1513,603019,中科曙光,60.18,7.45,6,5,22,28.95,25.61,57.54
1301,600589,广东榕泰,6.60,4.1,7,20,19,39.24,59.42,57.52
446,002450,康得新,7.23,-4.99,-1,-1,18,0.0,0.0,57.17
729,300116,坚瑞沃能,2.34,-4.1,3,3,19,5.41,5.41,57.05
241,002118,紫鑫药业,8.00,-6.98,-1,7,19,0.0,18.87,56.86
1221,600331,宏达股份,3.72,-9.93,-1,-1,17,0.0,0.0,56.3
870,300339,润和软件,14.28,-3.19,2,11,20,-3.19,40.0,56.24
1275,600526,菲达环保,6.14,-1.13,11,20,17,35.54,68.22,56.23
1291,600571,信雅达,10.93,-9.97,-1,-1,19,0.0,0.0,56.14
112,000806,银河生物,5.54,-3.32,7,7,18,22.3,22.3,56.06
815,300255,常山药业,6.73,8.2,5,15,20,33.0,49.22,55.79
1350,600718,东软集团,16.74,6.62,5,5,18,32.86,32.86,55.58
1130,600094,大名城,5.64,-10.05,-1,-1,19,0.0,0.0,55.37
319,002238,天威视讯,9.81,-4.11,6,5,20,28.4,16.79,54.73
1218,600310,桂东电力,6.08,9.95,6,5,21,29.09,28.27,54.31
476,002526,山东矿机,3.07,-9.97,-1,-1,20,0.0,0.0,54.27
1116,600061,国投资本,14.16,-9.98,-1,-1,21,0.0,0.0,54.25
255,002143,印纪传媒,4.42,-6.16,-1,5,18,0.0,24.16,54.01
1191,600240,华业资本,3.54,-9.92,-1,-1,17,0.0,0.0,53.91
1059,300657,弘信电子,48.58,-0.37,-1,6,21,0.0,14.85,53.73
1339,600685,中船防务,15.35,-9.71,-2,-1,20,-9.71,0.0,53.65
475,002519,银河电子,5.47,-7.29,-1,20,18,0.0,63.77,53.65
885,300362,天翔环境,6.26,-10.06,-2,-1,17,-10.06,0.0,53.43
1212,600288,大恒科技,10.99,-9.99,-1,5,20,0.0,19.85,53.28
1056,300654,世纪天鸿,21.79,0.05,7,5,35,3.76,3.27,53.13
1696,603990,麦迪科技,48.90,-0.1,11,11,28,26.98,26.98,52.96
1455,601162,天风证券,11.19,-9.98,-1,5,20,0.0,10.25,52.87
1528,603081,大丰实业,16.90,-6.73,-1,-1,19,0.0,0.0,51.98
1147,600139,西部资源,5.15,10.04,5,5,19,28.75,28.75,51.92
1445,601068,中铝国际,8.17,-4.78,-1,10,19,0.0,38.24,51.86
287,002194,*ST凡谷,11.78,-5.0,-1,-1,22,0.0,0.0,51.8
1027,300598,诚迈科技,31.12,10.0,7,5,18,31.59,26.97,51.8
1276,600531,豫光金铅,5.61,-9.81,-1,-1,20,0.0,0.0,51.62
1042,300624,万兴科技,67.30,2.28,6,6,20,10.09,10.09,51.54
1529,603083,剑桥科技,36.02,2.59,5,5,19,36.54,36.54,51.47
469,002512,达华智能,6.33,-9.96,-1,-1,18,0.0,0.0,51.44
176,000996,中国中期,14.90,0.88,3,3,21,10.95,10.95,51.42
1439,601010,文峰股份,4.48,10.07,7,11,20,39.13,45.93,51.35
1436,600996,贵广网络,10.14,6.18,2,5,21,6.18,17.09,51.34
588,002751,易尚展示,30.80,3.95,7,6,18,26.85,24.29,51.28
489,002548,金新农,10.68,9.99,5,5,20,18.4,18.4,51.27
874,300345,红宇新材,5.37,-0.92,10,10,18,39.12,39.12,51.27
664,300016,北陆药业,9.98,-6.73,-2,-1,20,-6.73,0.0,51.21
395,002368,太极股份,35.00,7.36,5,5,21,24.11,24.11,51.06
1571,603289,泰瑞机器,12.05,-10.01,-1,11,18,0.0,43.28,50.81
957,300472,新元科技,20.85,-5.01,-1,-1,20,0.0,0.0,50.54
955,300469,信息发展,27.00,-4.86,-1,21,20,0.0,54.64,50.33
1228,600356,恒丰纸业,9.36,9.99,7,5,21,30.36,30.0,50.24
545,002657,中科金财,18.99,-6.82,-1,-1,20,0.0,0.0,50.12
594,002771,真视通,17.06,-10.02,-1,-1,19,0.0,0.0,49.91
749,300158,振东制药,5.60,-4.44,-1,-1,20,0.0,0.0,49.73
1334,600666,奥瑞德,4.07,-9.96,-1,-1,19,0.0,0.0,49.63
1638,603690,至纯科技,24.07,3.93,1,21,20,0.0,57.32,49.41
219,002077,大港股份,5.81,10.04,5,5,19,22.57,22.57,49.36
958,300474,景嘉微,53.66,8.95,7,11,20,25.43,39.45,49.35
473,002517,恺英网络,5.33,0.95,4,4,18,14.62,14.62,49.3
1140,600122,宏图高科,4.94,-1.98,5,5,19,15.96,15.96,48.8
878,300353,东土科技,13.76,-1.5,-1,6,18,0.0,25.55,48.76
891,300368,汇金股份,9.03,-9.97,-1,-1,18,0.0,0.0,48.52
1636,603679,华体科技,35.77,0.96,5,5,18,34.37,34.37,48.36
552,002670,国盛金控,13.91,-10.03,-1,-1,20,0.0,0.0,48.14
1344,600703,三安光电,15.51,6.45,1,4,21,0.0,3.06,48.0
1642,603707,健友股份,32.00,10.0,6,6,19,21.17,21.17,47.94
730,300119,瑞普生物,11.73,-0.59,-1,21,21,0.0,47.92,47.92
347,002292,奥飞娱乐,8.36,-0.59,5,20,17,20.81,54.53,47.7
1434,600986,科达股份,6.08,-0.16,5,5,20,14.07,14.07,47.57
726,300113,顺网科技,18.69,-1.22,5,5,19,28.01,28.01,47.51
1485,601788,光大证券,14.12,-3.09,-1,3,21,0.0,-0.07,47.39
1447,601100,恒立液压,29.80,0.85,-2,-2,40,0.85,0.85,46.94
650,002939,长城证券,15.70,-9.98,-1,4,18,0.0,8.95,46.87
1621,603626,科森科技,10.72,1.23,5,4,20,11.67,4.69,46.85
321,002241,歌尔股份,10.01,10.0,1,5,21,0.0,10.61,46.77
397,002371,北方华创,72.65,7.15,6,5,11,40.44,30.71,46.77
549,002665,首航节能,3.80,1.88,5,5,19,21.02,21.02,46.72
841,300297,蓝盾股份,7.83,0.38,5,5,20,18.1,18.1,46.63
704,300083,劲胜智能,3.90,-2.99,-1,15,21,0.0,17.12,46.62
745,300152,科融环境,2.80,-9.97,-1,-1,19,0.0,0.0,46.6
798,300227,光韵达,14.26,-9.97,-1,-1,20,0.0,0.0,46.56
516,002596,海南瑞泽,10.15,1.5,-2,20,18,1.5,48.61,46.46
68,000596,古井贡酒,78.95,0.68,1,1,38,0.0,0.0,46.42
245,002124,天邦股份,17.89,10.02,6,5,5,61.03,46.4,46.4
1081,300691,联合光电,33.54,-10.01,-1,5,20,0.0,19.79,46.34
755,300168,万达信息,15.77,-0.82,6,5,21,17.16,11.37,46.29
912,300400,劲拓股份,20.92,-3.95,-2,-2,20,-3.95,-3.95,46.29
183,002008,大族激光,42.55,0.26,-2,-1,34,0.26,0.0,46.22
1407,600868,梅雁吉祥,4.28,-8.94,-1,10,20,0.0,28.92,45.58
1149,600146,商赢环球,8.24,-9.95,-1,-1,18,0.0,0.0,45.58
36,000413,东旭光电,6.37,1.92,6,5,20,11.36,9.83,45.43
82,000662,天夏智慧,7.91,10.01,5,5,20,20.95,20.95,45.4
337,002273,水晶光电,13.90,5.14,1,5,21,0.0,5.95,45.4
711,300090,盛运环保,2.76,-10.1,-1,10,18,0.0,22.67,45.26
1382,600797,浙大网新,10.82,4.14,5,5,20,17.23,17.23,45.23
281,002184,海得控制,13.29,-10.02,-1,5,18,0.0,19.73,45.09
1493,601878,浙商证券,11.65,-9.2,-1,6,20,0.0,11.48,45.08
161,000948,南天信息,14.50,-0.34,6,21,20,9.43,48.87,45.0
1119,600071,凤凰光学,11.89,-5.33,-1,-1,20,0.0,0.0,45.0
1517,603032,德新交运,41.75,-10.0,-1,7,7,0.0,44.97,44.97
1195,600249,两面针,5.61,10.0,6,5,19,28.97,26.07,44.96
427,002420,毅昌股份,4.87,-9.98,-1,20,18,0.0,55.1,44.94
703,300081,恒信东方,13.13,9.97,7,7,20,30.39,30.39,44.92
1232,600363,联创光电,12.10,7.84,5,5,19,24.36,24.36,44.91
714,300098,高新兴,10.02,-2.34,-1,6,22,0.0,8.21,44.8
467,002505,大康农业,2.33,-2.51,5,4,20,15.35,12.56,44.72
1368,600751,海航科技,3.95,-9.82,-1,-1,18,0.0,0.0,44.69
501,002568,百润股份,13.76,-3.84,-1,-1,21,0.0,0.0,44.69
610,002813,路畅科技,34.01,9.99,4,20,18,25.36,48.97,44.66
63,000576,广东甘化,9.59,-9.95,-1,-1,24,0.0,0.0,44.65
1514,603022,新通联,10.44,10.01,4,21,19,25.33,47.67,44.6
1246,600408,*ST安泰,4.10,-5.09,-1,13,23,0.0,37.12,44.37
770,300189,神农基因,3.75,0.27,6,6,19,19.43,19.43,44.23
1142,600128,弘业股份,10.20,-9.97,-1,-1,17,0.0,0.0,44.07
951,300465,高伟达,8.47,-9.99,-1,-1,20,0.0,0.0,44.05
890,300367,东方网力,12.90,-7.33,-1,5,21,0.0,15.49,43.81
335,002268,卫 士 通,29.76,6.59,6,6,27,16.43,16.43,43.77
158,000936,华西股份,9.27,2.54,1,6,18,0.0,14.16,43.72
638,002892,科力尔,39.90,2.89,1,5,20,0.0,2.62,43.58
443,002447,晨鑫科技,3.89,9.89,4,4,18,19.33,19.33,43.54
1017,300578,会畅通讯,22.39,-3.07,-1,6,18,0.0,15.53,43.53
1376,600775,南京熊猫,11.68,-10.02,-1,-1,20,0.0,0.0,43.49
559,002683,宏大爆破,12.29,0.16,5,5,20,17.61,17.61,43.41
739,300139,晓程科技,10.81,9.97,5,5,18,29.46,29.46,43.37
777,300198,纳川股份,3.97,-4.57,-1,5,18,0.0,6.72,43.32
430,002426,胜利精密,3.85,-8.11,-1,-1,19,0.0,0.0,43.12
1247,600410,华胜天成,8.73,3.93,5,5,18,20.41,20.41,43.11
419,002405,四维图新,23.58,-3.76,-1,-1,25,0.0,0.0,43.0
850,300308,中际旭创,58.40,-1.63,-1,5,21,0.0,6.47,42.79
1322,600635,大众公用,6.51,-8.95,-1,-1,18,0.0,0.0,42.76
605,002806,华锋股份,23.34,9.99,4,7,18,15.26,14.69,42.75
1640,603696,安记食品,13.95,-3.13,11,20,19,31.98,48.09,42.64
52,000550,江铃汽车,21.38,0.14,6,12,28,5.84,28.41,42.53
1068,300672,国科微,55.37,7.22,1,11,21,0.0,30.71,42.52
918,300409,道氏技术,18.49,-3.29,-2,-1,20,-3.29,0.0,42.45
722,300109,新开源,19.62,-1.31,7,21,19,15.96,53.28,42.38
1454,601155,新城控股,34.36,-1.72,-2,-2,43,-1.72,-1.72,42.22
75,000622,恒立实业,8.02,-9.99,-1,-1,18,0.0,0.0,42.2
297,002210,飞马国际,4.15,-8.39,-1,-1,17,0.0,0.0,42.12
1535,603108,润达医疗,10.03,-2.62,12,21,21,23.83,42.07,42.07
619,002840,华统股份,20.10,2.76,5,10,20,10.14,25.47,42.05
108,000793,华闻传媒,4.19,-9.89,-1,-1,19,0.0,0.0,42.03
1396,600837,海通证券,14.31,-3.38,3,4,22,6.32,9.82,41.96
370,002330,得利斯,6.07,1.51,5,5,20,14.96,14.96,41.82
1470,601377,兴业证券,7.26,-10.04,-1,-1,20,0.0,0.0,41.8
217,002075,沙钢股份,10.62,-10.0,-1,-1,20,0.0,0.0,41.79
1589,603389,亚振家居,12.52,4.07,6,5,18,18.0,17.23,41.79
295,002208,合肥城建,14.26,-1.31,2,11,20,-1.31,30.83,41.75
855,300316,晶盛机电,14.85,-1.72,-2,-1,23,-1.72,0.0,41.7
21,000078,海王生物,4.49,-8.37,-1,-1,20,0.0,0.0,41.64
1197,600255,梦舟股份,2.69,-10.03,-1,-1,18,0.0,0.0,41.58
1540,603127,昭衍新药,67.59,1.76,-2,-2,35,1.76,1.76,41.55
757,300171,东富龙,9.69,-5.56,-2,-1,18,-5.56,0.0,41.46
775,300195,长荣股份,11.47,9.97,4,4,20,16.68,16.68,41.43
184,002009,天奇股份,11.17,-7.3,-1,-1,21,0.0,0.0,41.39
216,002074,国轩高科,17.56,-1.13,-1,-1,21,0.0,0.0,41.38
1033,300608,思特奇,24.86,-4.38,-1,-1,22,0.0,0.0,41.33
126,000851,高鸿股份,7.15,-9.95,-1,6,19,0.0,19.77,41.3
1557,603197,保隆科技,27.31,-0.36,6,6,20,17.46,17.46,41.28
668,300025,华星创业,6.68,1.21,6,6,20,22.79,22.79,41.23
267,002161,远 望 谷,7.92,7.17,6,20,18,22.41,47.21,41.18
215,002073,软控股份,6.31,-4.68,-1,20,17,0.0,46.74,41.16
849,300307,慈星股份,6.90,-8.24,-1,5,19,0.0,22.12,41.1
1481,601689,拓普集团,20.61,-2.0,-2,-1,21,-2.0,0.0,40.97
1483,601718,际华集团,4.89,7.71,11,20,19,33.97,42.57,40.92
1034,300609,汇纳科技,40.72,-3.39,-1,-1,21,0.0,0.0,40.9
1071,300678,中科信息,27.05,1.5,5,5,18,7.34,7.34,40.81
77,000630,铜陵有色,2.83,0.35,7,15,21,19.41,34.12,40.8
48,000530,大冷股份,4.84,10.0,5,20,19,20.1,42.35,40.7
784,300205,天喻信息,11.84,1.72,1,20,20,0.0,40.62,40.62
1170,600200,江苏吴中,8.71,1.04,7,20,19,22.68,45.41,40.48
1,000009,中国宝安,6.08,-5.44,-1,21,20,0.0,43.4,40.42
1308,600601,方正科技,3.79,-4.29,5,5,20,17.34,17.34,40.37
197,002036,联创电子,13.33,1.83,6,5,20,13.06,11.55,40.32
663,300014,亿纬锂能,22.80,-2.06,-1,12,29,0.0,21.21,40.31
1462,601258,庞大集团,1.85,-10.19,-1,-1,15,0.0,0.0,40.15
1320,600633,浙数文化,11.56,2.39,1,15,19,0.0,37.78,40.12
117,000818,航锦科技,12.69,5.49,5,5,21,16.21,16.21,40.07
1109,600020,中原高速,5.63,-2.6,5,5,20,14.9,14.9,40.05
565,002699,美盛文化,7.14,1.13,5,5,19,14.24,14.24,40.0
571,002712,思美传媒,8.52,-0.7,-1,11,19,0.0,20.85,39.9
378,002343,慈文传媒,11.33,-1.05,-2,-1,13,-1.05,0.0,39.88
1555,603189,网达软件,14.89,5.38,6,5,18,24.6,19.98,39.81
686,300053,欧比特,11.99,4.9,7,21,20,12.27,43.76,39.74
162,000951,中国重汽,15.73,1.55,7,6,40,12.36,9.77,39.7
159,000938,紫光股份,46.22,4.43,5,5,20,15.96,15.96,39.68
880,300355,蒙草生态,5.48,-0.54,-1,5,20,0.0,5.79,39.44
1568,603266,天龙股份,19.63,-3.35,11,11,18,33.08,33.08,39.42
1646,603730,岱美股份,28.80,3.19,5,5,21,19.75,19.75,39.4
474,002518,科士达,11.18,-7.83,-2,-1,21,-7.83,0.0,39.4
766,300183,东软载波,16.76,-0.06,5,5,21,18.87,18.87,39.32
1145,600136,当代明诚,11.38,6.85,7,11,20,26.3,31.56,39.29
862,300330,华虹计通,9.61,9.95,6,20,19,22.26,41.53,39.28
598,002780,三夫户外,17.85,-1.92,-2,-1,25,-1.92,0.0,39.24
15,000046,泛海控股,6.75,-1.32,-2,-1,19,-1.32,0.0,39.18
591,002765,蓝黛传动,8.87,10.05,7,10,19,25.99,24.58,39.03
533,002635,安洁科技,15.15,1.75,1,5,21,0.0,2.99,38.99
1356,600728,佳都科技,11.30,-4.07,-2,-1,21,-4.07,0.0,38.99
661,300010,立思辰,9.91,2.06,1,4,22,0.0,3.66,38.99
1448,601106,中国一重,3.89,-7.16,-1,-1,20,0.0,0.0,38.93
1205,600267,海正药业,11.35,3.94,11,10,21,26.53,20.11,38.92
246,002125,湘潭电化,10.69,6.05,7,11,11,30.68,38.83,38.83
1374,600770,综艺股份,7.01,-1.96,5,5,20,14.36,14.36,38.81
1469,601375,中原证券,6.23,-9.97,-1,-1,20,0.0,0.0,38.75
1013,300572,安车检测,64.50,3.55,7,7,21,10.69,10.69,38.74
364,002321,华英农业,7.92,2.72,1,5,20,0.0,3.26,38.7
181,002005,德豪润达,3.12,-2.8,-1,4,18,0.0,4.7,38.67
1250,600422,昆药集团,8.94,-9.7,-1,21,20,0.0,41.9,38.6
800,300229,拓尔思,12.04,-0.17,6,4,20,15.99,4.88,38.55
569,002708,光洋股份,9.80,-9.01,-1,-1,19,0.0,0.0,38.42
709,300088,长信科技,6.27,1.13,1,5,21,0.0,9.04,38.41
796,300223,北京君正,29.70,10.0,11,11,11,38.4,38.4,38.4
986,300520,科大国创,22.14,-1.29,-1,5,22,0.0,14.3,38.38
1366,600748,上实发展,7.86,-5.98,-1,-1,27,0.0,0.0,38.38
1509,603011,合锻智能,6.67,5.37,7,21,20,22.61,41.31,38.38
898,300378,鼎捷软件,14.30,-3.38,5,5,21,12.51,12.51,38.3
537,002642,荣之联,8.10,-1.58,-1,18,15,0.0,45.16,38.23
331,002261,拓维信息,5.86,-4.87,-1,-1,19,0.0,0.0,38.21
735,300130,新国都,16.50,-5.77,-2,-1,21,-5.77,0.0,38.08
1422,600909,华安证券,6.93,-10.0,-1,-1,21,0.0,0.0,38.05
28,000158,常山北明,6.93,0.0,4,4,20,14.36,14.36,38.05
320,002239,奥特佳,2.87,-5.9,-1,5,19,0.0,12.99,37.98
1300,600588,用友网络,36.96,-1.23,6,5,20,19.0,18.08,37.81
432,002428,云南锗业,7.77,-8.16,-1,-1,19,0.0,0.0,37.77
765,300182,捷成股份,5.59,-9.84,-1,-1,21,0.0,0.0,37.68
1361,600736,苏州高新,7.46,1.77,5,5,19,17.48,17.48,37.64
1536,603111,康尼机电,5.71,-9.94,-1,21,18,0.0,42.39,37.59
1395,600836,界龙实业,5.32,9.92,11,19,18,32.34,40.37,37.47
404,002381,双箭股份,9.29,2.77,12,12,19,30.85,30.85,37.43
853,300311,任子行,8.45,-1.17,5,20,18,15.44,42.74,37.4
737,300134,大富科技,15.01,-0.6,6,5,18,5.7,3.88,37.33
1041,300623,捷捷微电,35.81,3.08,8,11,20,18.58,24.12,37.31
838,300293,蓝英装备,10.35,-10.0,-1,11,20,0.0,27.15,37.27
201,002045,国光电器,6.41,0.79,7,7,19,12.85,12.85,37.26
1006,300558,贝达药业,43.65,-0.39,-3,-2,21,-3.32,-0.39,37.26
654,300001,特锐德,23.86,1.62,1,-3,22,0.0,0.29,37.13
229,002093,国脉科技,10.16,-5.14,-1,5,20,0.0,20.67,36.93
1384,600804,鹏博士,11.42,-6.85,-1,5,20,0.0,14.89,36.93
390,002362,汉王科技,18.92,0.37,5,4,18,9.36,2.99,36.9
848,300306,远方信息,9.84,-1.6,6,6,20,11.56,11.56,36.86
1623,603630,拉芳家化,19.02,1.39,7,5,20,24.4,24.4,36.83
173,000988,华工科技,16.91,5.49,7,21,20,15.03,41.03,36.81
949,300462,华铭智能,20.81,9.99,5,5,16,21.77,21.77,36.73
865,300333,兆日科技,10.54,10.02,7,20,18,18.96,41.48,36.71
608,002810,山东赫达,22.49,3.74,1,1,31,0.0,0.0,36.55
244,002122,*ST天马,2.28,-3.39,-1,10,20,0.0,16.92,36.53
971,300496,中科创达,38.02,-0.91,-1,5,21,0.0,9.22,36.52
788,300212,易华录,27.63,-0.65,11,11,20,27.21,27.21,36.51
721,300108,吉药控股,7.23,-0.28,7,10,19,23.38,25.74,36.42
274,002171,楚江新材,6.67,-1.04,6,20,20,16.2,36.4,36.4
716,300101,振芯科技,13.53,10.0,5,4,18,18.68,12.47,36.39
1327,600649,城投控股,7.62,-4.27,-1,5,20,0.0,17.96,36.31
530,002630,华西能源,4.02,-2.66,-1,4,18,0.0,11.98,36.27
1161,600172,黄河旋风,4.66,-5.67,-1,5,20,0.0,9.39,36.26
597,002777,久远银海,35.12,-4.23,5,4,20,19.21,15.87,36.18
781,300202,聚龙股份,8.32,-9.96,-1,-1,19,0.0,0.0,36.17
511,002587,奥拓电子,6.84,-8.8,-1,-1,19,0.0,0.0,35.98
527,002622,融钰集团,4.35,-9.94,-1,-1,19,0.0,0.0,35.94
401,002378,章源钨业,6.89,-8.98,-1,-1,20,0.0,0.0,35.9
876,300347,泰格医药,59.10,-1.99,-2,-2,22,-1.99,-1.99,35.86
954,300468,四方精创,16.30,-5.62,-1,-1,19,0.0,0.0,35.83
1199,600259,广晟有色,30.00,-3.82,5,5,18,14.99,14.99,35.81
1160,600171,上海贝岭,13.93,5.93,1,5,19,0.0,16.67,35.64
408,002390,信邦制药,5.18,-4.25,-2,-1,20,-4.25,0.0,35.6
1463,601298,青岛港,9.45,-0.21,5,10,11,16.09,29.99,35.58
1012,300571,平治信息,56.00,-1.3,-2,4,20,-1.3,-0.8,35.56
1306,600595,中孚实业,3.09,-6.65,-1,4,16,0.0,8.04,35.53
1624,603633,徕木股份,13.18,-5.18,-1,-1,19,0.0,0.0,35.46
1534,603106,恒银金融,13.68,-1.44,6,5,19,8.66,7.46,35.45
687,300054,鼎龙股份,9.22,-2.12,-2,-1,21,-2.12,0.0,35.39
1094,300730,科创信息,22.84,5.69,5,5,19,15.65,15.65,35.39
809,300242,佳云科技,5.25,-2.96,-1,5,18,0.0,12.42,35.31
522,002610,爱康科技,2.30,-4.17,5,10,21,13.3,18.56,35.29
1112,600031,三一重工,11.08,-1.25,-2,-2,36,-1.25,-1.25,35.29
3,000012,南 玻Ａ,5.79,-3.18,6,10,20,16.5,16.5,35.28
823,300270,中威电子,9.13,-9.96,-1,-1,20,0.0,0.0,35.26
1372,600766,园城黄金,10.36,-9.99,-1,-1,18,0.0,0.0,35.25
1505,603005,晶方科技,21.11,1.2,5,5,19,10.23,10.23,35.23
451,002464,众应互联,10.33,-6.94,-1,-1,19,0.0,0.0,35.21
852,300310,宜通世纪,6.84,-10.0,-1,-1,18,0.0,0.0,35.18
1564,603232,格尔软件,32.53,-3.98,-1,-1,19,0.0,0.0,35.15
1077,300687,赛意信息,27.40,-5.87,-1,-1,20,0.0,0.0,35.04
65,000587,金洲慈航,3.59,-4.52,4,5,19,11.84,14.7,34.96
1475,601577,长沙银行,11.67,-8.97,-1,-1,20,0.0,0.0,34.91
521,002609,捷顺科技,8.16,4.62,5,5,19,17.92,17.92,34.65
973,300502,新易盛,29.79,-1.68,-2,-1,20,-1.68,0.0,34.55
80,000655,*ST金岭,4.91,-5.03,-1,21,21,0.0,34.52,34.52
417,002402,和而泰,9.47,1.28,1,21,21,0.0,34.52,34.52
553,002674,兴业科技,12.79,9.41,7,7,15,21.0,21.0,34.49
667,300024,机器人,19.00,-5.85,-1,11,21,0.0,21.95,34.47
1268,600499,科达洁能,5.89,-0.67,-1,5,20,0.0,7.09,34.47
292,002200,云投生态,7.50,-5.06,-1,20,19,0.0,36.36,34.41
351,002298,中电兴发,8.38,-1.18,7,20,20,18.19,34.29,34.29
889,300366,创意信息,9.52,-10.02,-1,-1,18,0.0,0.0,34.27
1000,300548,博创科技,44.20,-2.39,-1,20,18,0.0,41.89,34.26
428,002421,达实智能,5.10,-8.27,-1,5,19,0.0,16.44,34.21
355,002308,威创股份,5.97,-8.44,-1,-1,20,0.0,0.0,34.16
991,300532,今天国际,14.27,-1.25,-1,-1,24,0.0,0.0,34.12
776,300197,铁汉生态,4.60,-8.0,-2,-1,20,-8.0,0.0,34.11
310,002226,江南化工,6.96,-1.69,-1,5,18,0.0,14.1,34.1
871,300340,科恒股份,20.42,-0.63,6,5,18,20.33,17.83,34.08
406,002385,大北农,5.47,0.74,5,5,5,34.07,34.07,34.07
53,000555,神州信息,13.30,-1.63,-1,5,18,0.0,11.3,34.07
845,300303,聚飞光电,3.47,-3.07,-1,5,21,0.0,10.16,33.98
836,300291,华录百纳,6.27,-4.27,5,5,21,13.59,13.59,33.97
1561,603222,济民制药,20.55,10.01,3,3,12,21.02,21.02,33.88
152,000922,佳电股份,9.29,-4.91,-1,10,20,0.0,24.2,33.86
624,002851,麦格米特,28.99,0.31,-2,-2,20,0.31,0.31,33.84
697,300074,华平股份,4.91,-3.91,-1,5,20,0.0,9.11,33.79
753,300166,东方国信,15.32,-5.26,-1,-1,24,0.0,0.0,33.68
272,002169,智光电气,5.36,5.1,5,20,19,17.54,36.39,33.67
1452,601137,博威合金,9.65,0.42,6,21,20,18.12,36.3,33.66
1542,603131,上海沪工,22.14,-3.19,7,7,21,7.48,7.48,33.61
1004,300556,丝路视觉,22.03,-2.44,-1,5,20,0.0,3.23,33.6
1154,600155,华创阳安,10.31,-7.62,-1,-1,20,0.0,0.0,33.55
340,002280,联络互动,5.10,-1.54,5,5,18,12.58,12.58,33.51
750,300160,秀强股份,4.90,1.66,5,5,19,14.22,14.22,33.51
195,002031,巨轮智能,2.71,-9.06,-1,-1,20,0.0,0.0,33.5
490,002550,千红制药,5.26,-2.05,11,10,20,25.84,20.92,33.5
203,002049,紫光国微,42.87,5.36,1,5,20,0.0,12.2,33.43
1403,600856,中天能源,4.87,0.41,4,3,18,11.95,10.43,33.42
892,300369,绿盟科技,12.87,-2.5,-1,4,20,0.0,3.54,33.37
767,300184,力源信息,10.88,-1.63,-1,5,20,0.0,6.25,33.33
1075,300685,艾德生物,52.16,-3.59,-2,-1,31,-3.59,0.0,33.27
793,300220,金运激光,13.18,-1.79,-1,20,19,0.0,36.72,33.13
493,002555,三七互娱,14.19,-2.47,-1,3,22,0.0,1.36,33.11
6,000025,特 力Ａ,34.44,-10.01,-1,5,19,0.0,19.79,33.08
123,000838,财信发展,3.95,-9.82,-2,-1,19,-9.82,0.0,33.0
1453,601138,工业富联,15.82,-7.97,-1,-1,21,0.0,0.0,32.94
109,000795,英洛华,5.05,-5.78,-1,5,20,0.0,17.17,32.89
1029,300603,立昂技术,31.09,0.81,6,6,18,12.08,12.08,32.81
1137,600113,浙江东日,9.39,0.11,5,14,14,19.92,32.81,32.81
1647,603737,三棵树,51.85,-0.06,-2,5,20,-0.06,7.73,32.78
1467,601360,三六零,27.75,-2.29,5,4,20,5.51,2.97,32.78
678,300044,赛为智能,8.51,-6.99,-1,-1,20,0.0,0.0,32.76
698,300075,数字政通,13.54,-1.1,5,5,20,13.69,13.69,32.75
76,000626,远大控股,8.44,-4.52,-1,-1,20,0.0,0.0,32.7
666,300020,银江股份,9.09,-3.61,-1,15,20,0.0,26.43,32.7
563,002693,双成药业,5.16,0.39,11,20,20,24.04,32.65,32.65
1648,603738,泰晶科技,16.75,-0.12,7,5,20,5.68,5.21,32.62
1180,600217,中再资环,5.45,-6.68,-1,10,20,0.0,11.0,32.6
258,002147,ST新光,3.50,3.24,6,20,17,15.51,42.28,32.58
209,002063,远光软件,9.24,-4.25,7,11,20,15.21,18.77,32.57
421,002409,雅克科技,18.60,2.65,1,11,21,0.0,14.96,32.57
676,300042,朗科科技,19.52,1.09,7,5,20,17.52,15.43,32.52
1164,600180,瑞茂通,9.11,-2.98,-1,-1,19,0.0,0.0,32.41
1600,603516,淳中科技,27.00,-2.88,-1,5,18,0.0,6.3,32.35
1399,600845,宝信软件,33.00,-3.45,-1,5,23,0.0,9.38,32.32
289,002197,证通电子,9.09,-6.29,-1,-1,19,0.0,0.0,32.31
902,300383,光环新网,18.90,-4.3,-1,-1,24,0.0,0.0,32.26
1072,300679,电连技术,35.40,-3.15,-3,-1,20,-4.01,0.0,32.14
498,002565,顺灏股份,12.07,-9.25,-1,6,7,0.0,27.72,32.06
1550,603169,兰石重装,5.85,-2.99,-1,-1,17,0.0,0.0,32.05
922,300419,浩丰科技,6.52,3.99,7,19,17,16.01,35.55,31.98
288,002195,二三四五,5.04,-1.37,-1,-1,20,0.0,0.0,31.94
1175,600208,新湖中宝,3.80,-8.87,-1,-1,21,0.0,0.0,31.94
600,002797,第一创业,7.81,-10.02,-1,-1,19,0.0,0.0,31.93
233,002102,ST冠福,2.03,-2.4,-1,3,20,0.0,2.53,31.82
206,002055,得润电子,15.12,-3.45,-1,5,24,0.0,8.7,31.82
396,002369,卓翼科技,10.32,-1.53,-1,5,20,0.0,16.48,31.8
1690,603963,大理药业,14.89,-9.98,-1,-1,17,0.0,0.0,31.77
1309,600602,云赛智联,7.18,-4.01,-1,11,21,0.0,21.28,31.74
1466,601326,秦港股份,4.07,-1.69,11,21,20,24.09,33.88,31.72
1214,600293,三峡新材,5.15,-3.74,7,20,19,12.45,34.11,31.71
360,002316,亚联发展,9.25,-1.8,5,4,20,14.34,9.34,31.58
116,000816,*ST慧业,2.21,-5.15,-1,10,21,0.0,16.32,31.55
146,000911,南宁糖业,7.47,-2.61,-2,-1,19,-2.61,0.0,31.51
696,300072,三聚环保,10.73,-8.21,-2,-1,19,-8.21,0.0,31.5
683,300050,世纪鼎利,7.02,-10.0,-1,5,19,0.0,10.03,31.46
818,300264,佳创视讯,6.56,-6.29,-1,-1,20,0.0,0.0,31.46
316,002235,安妮股份,6.70,-7.33,-1,-1,20,0.0,0.0,31.37
896,300375,鹏翎股份,7.00,-6.54,-1,19,16,0.0,32.33,31.33
873,300343,联创互联,7.85,-6.88,-1,4,17,0.0,3.02,31.27
218,002076,雪 莱 特,4.03,-7.14,-1,5,19,0.0,9.51,31.27
747,300156,神雾环保,4.24,-9.98,-1,-1,19,0.0,0.0,31.27
806,300236,上海新阳,33.21,3.81,1,5,20,0.0,10.66,31.26
835,300290,荣科科技,8.92,-0.78,-1,11,19,0.0,21.36,31.18
413,002396,星网锐捷,23.66,-3.31,-1,5,21,0.0,10.3,31.15
1134,600107,美尔雅,8.59,-4.02,3,3,18,5.53,5.53,31.15
946,300458,全志科技,25.36,1.97,5,5,20,10.17,10.17,31.13
384,002354,天神娱乐,5.94,-5.11,-1,4,16,0.0,3.66,31.13
1303,600592,龙溪股份,7.76,-3.12,-1,5,19,0.0,11.02,31.08
953,300467,迅游科技,27.86,0.32,5,5,18,12.43,12.43,31.04
674,300038,数知科技,12.75,-3.7,-1,5,20,0.0,13.03,31.04
648,002936,郑州银行,6.51,-9.96,-1,-1,18,0.0,0.0,30.99
399,002374,丽鹏股份,3.72,-1.33,4,4,17,11.71,11.71,30.99
1065,300666,江丰电子,48.70,7.06,1,5,20,0.0,11.31,30.98
790,300216,千山药机,4.61,-9.96,-1,-1,19,0.0,0.0,30.97
844,300302,同有科技,10.46,0.1,5,5,18,15.07,15.07,30.91
185,002012,凯恩股份,5.17,-6.68,-1,-1,17,0.0,0.0,30.89
761,300177,中海达,14.11,-0.77,-2,-1,20,-0.77,0.0,30.89
736,300131,英唐智控,6.02,-0.17,-1,5,20,0.0,5.24,30.87
1200,600260,凯乐科技,23.74,2.86,5,11,20,12.09,18.11,30.87
345,002289,宇顺电子,8.10,-0.98,7,6,18,13.6,11.88,30.86
808,300241,瑞丰光电,5.82,-1.36,5,4,19,7.98,2.11,30.79
754,300167,迪威迅,6.16,-4.64,-1,20,18,0.0,35.38,30.79
904,300386,飞天诚信,14.02,-3.58,-1,-1,20,0.0,0.0,30.78
1085,300708,聚灿光电,13.18,0.3,6,20,18,16.95,42.18,30.75
982,300514,友讯达,15.62,10.0,5,5,18,22.99,22.99,30.6
883,300359,全通教育,7.47,-1.84,5,4,18,11.66,7.17,30.59
1565,603239,浙江仙通,13.37,-10.03,-1,-1,19,0.0,0.0,30.57
1672,603881,数据港,35.21,-1.51,-1,4,21,0.0,-0.96,30.55
631,002869,金溢科技,21.00,-3.36,-1,10,19,0.0,15.38,30.52
424,002413,雷科防务,7.53,-3.59,-1,11,20,0.0,21.84,30.5
646,002926,华西证券,11.88,-10.0,-1,-1,18,0.0,0.0,30.41
1678,603896,寿仙谷,35.81,0.67,6,6,21,1.62,1.62,30.36
1440,601016,节能风电,3.22,-5.01,-1,10,21,0.0,12.59,30.36
503,002570,*ST因美,6.45,1.1,10,15,20,18.57,27.47,30.3
869,300338,开元股份,9.16,-5.86,-1,-1,20,0.0,0.0,30.3
9,000034,神州数码,14.80,-1.53,-1,5,19,0.0,7.56,30.28
834,300288,朗玛信息,16.53,-2.07,7,21,20,8.75,33.85,30.26
1358,600730,中国高科,6.03,0.17,-2,5,19,0.17,9.04,30.24
764,300180,华峰超纤,14.22,-2.47,-1,-1,28,0.0,0.0,30.22
240,002117,东港股份,18.20,-4.96,-1,5,21,0.0,7.06,30.19
59,000564,供销大集,3.58,-8.21,-1,-1,19,0.0,0.0,30.18
680,300046,台基股份,15.45,7.07,5,5,20,15.3,15.3,30.16
611,002815,崇达技术,17.71,-0.56,-2,5,21,-0.56,4.98,30.12
290,002198,嘉应制药,6.54,3.32,11,20,19,19.78,33.2,30.02
1423,600929,湖南盐业,10.96,2.53,10,11,18,20.31,25.69,30.01
819,300266,兴源环境,4.29,-6.54,-1,11,19,0.0,20.51,30.0
989,300530,达志科技,39.40,-1.65,-1,20,19,0.0,30.46,29.99
119,000829,天音控股,6.85,1.18,5,4,19,11.2,6.86,29.98
1497,601929,吉视传媒,2.82,-5.05,-1,-1,19,0.0,0.0,29.95
554,002675,东诚药业,11.81,-2.4,-2,-1,21,-2.4,0.0,29.92
101,000722,湖南发展,7.60,-4.52,-1,-1,19,0.0,0.0,29.91
1471,601388,怡球资源,2.78,-10.03,-1,-1,19,0.0,0.0,29.91
1569,603283,赛腾股份,21.53,4.36,5,5,18,11.84,11.84,29.86
1273,600520,文一科技,16.27,10.01,5,5,19,15.39,15.39,29.85
374,002335,科华恒盛,20.19,1.3,6,5,19,17.79,11.55,29.84
684,300051,三五互联,7.40,-4.76,-1,5,17,0.0,12.98,29.82
1227,600355,精伦电子,4.66,-6.8,-1,-1,20,0.0,0.0,29.81
211,002065,东华软件,8.98,-3.44,-1,5,20,0.0,8.45,29.77
436,002436,兴森科技,5.68,1.07,5,11,19,6.17,15.92,29.68
1136,600110,诺德股份,5.16,-0.39,6,5,20,8.18,7.5,29.65
1359,600734,实达集团,9.27,0.0,-1,7,20,0.0,7.29,29.65
194,002030,达安基因,12.64,-2.47,-2,-1,20,-2.47,0.0,29.64
368,002328,新朋股份,7.22,-7.79,-1,-1,19,0.0,0.0,29.62
864,300332,天壕环境,4.86,-1.42,-1,5,18,0.0,12.24,29.6
1063,300661,圣邦股份,106.00,4.95,1,5,11,0.0,14.83,29.6
1595,603466,风语筑,20.41,2.46,3,10,18,12.7,20.06,29.59
84,000670,盈方微,5.17,10.0,5,5,5,29.57,29.57,29.57
5,000021,深科技,8.11,0.12,6,5,20,8.86,7.85,29.55
1426,600959,江苏有线,5.40,-3.05,-1,21,20,0.0,31.39,29.5
1406,600866,星湖科技,4.26,-6.17,-1,21,20,0.0,31.08,29.48
1378,600777,新潮能源,2.73,-4.88,-1,11,21,0.0,19.74,29.38
1080,300690,双一科技,21.89,1.02,5,5,18,9.83,9.83,29.37
1269,600501,航天晨光,8.24,-8.75,-1,-1,19,0.0,0.0,29.36
690,300058,蓝色光标,5.29,-2.04,-1,5,20,0.0,8.62,29.34
85,000677,恒天海龙,3.35,-9.7,-2,-1,19,-9.7,0.0,29.34
55,000559,万向钱潮,7.10,-3.53,6,6,21,14.89,14.89,29.33
409,002391,长青股份,14.03,10.04,6,4,20,17.21,13.33,29.31
768,300185,通裕重工,2.25,-9.27,-1,-1,20,0.0,0.0,29.31
585,002747,埃斯顿,10.90,-4.64,-1,-1,20,0.0,0.0,29.15
442,002445,ST中南,2.26,0.44,5,20,17,11.88,35.33,29.14
712,300093,金刚玻璃,7.36,0.41,11,21,18,18.14,36.55,29.12
279,002181,粤 传 媒,5.68,-9.7,-1,-1,19,0.0,0.0,29.09
271,002167,东方锆业,7.51,-8.86,-1,-1,19,0.0,0.0,29.04
1155,600157,永泰能源,2.40,-8.05,-1,6,19,0.0,10.6,29.03
1280,600538,国发股份,5.61,-7.58,-1,15,19,0.0,25.78,28.97
478,002528,英飞拓,4.68,-4.29,-1,-1,20,0.0,0.0,28.93
1323,600640,号百控股,13.11,2.82,4,4,20,4.38,4.38,28.91
931,300438,鹏辉能源,23.10,-4.07,-1,21,20,0.0,33.68,28.91
1329,600652,游久游戏,4.47,-9.7,-1,-1,15,0.0,0.0,28.82
257,002145,中核钛白,4.47,-1.76,5,4,20,9.56,8.76,28.82
174,000989,九 芝 堂,12.64,2.6,1,1,20,0.0,0.0,28.72
252,002137,麦达数字,7.94,-2.7,-1,5,17,0.0,12.62,28.69
956,300471,厚普股份,7.50,5.93,6,5,18,16.28,14.85,28.64
1020,300588,熙菱信息,15.50,1.84,5,5,17,9.23,9.23,28.52
1117,600064,南京高科,9.93,-3.22,-1,5,20,0.0,8.05,28.46
369,002329,皇氏集团,4.29,-2.94,-1,4,19,0.0,2.14,28.44
811,300245,天玑科技,11.25,-3.52,-1,5,20,0.0,9.22,28.42
1224,600351,亚宝药业,7.50,8.85,7,11,20,19.43,24.58,28.42
1188,600237,铜峰电子,4.52,-0.22,5,5,19,8.39,8.39,28.41
539,002649,博彦科技,9.81,-1.7,-1,5,19,0.0,9.36,28.4
944,300455,康拓红外,8.14,-3.1,7,11,20,13.06,16.12,28.39
568,002707,众信旅游,7.16,-6.28,-1,-1,19,0.0,0.0,28.32
787,300209,天泽信息,14.68,0.96,5,5,20,11.3,11.3,28.32
1625,603636,南威软件,12.60,-4.4,-1,5,21,0.0,13.82,28.31
810,300244,迪安诊断,19.69,-3.15,-1,-1,20,0.0,0.0,28.27
170,000972,ST中基,3.63,-1.89,7,11,19,13.79,20.2,28.27
1526,603077,和邦生物,2.09,-6.7,-1,15,21,0.0,22.22,28.22
309,002224,三 力 士,7.00,-3.31,-2,-1,19,-3.31,0.0,28.21
1003,300552,万集科技,18.82,-9.52,-1,-1,19,0.0,0.0,28.2
296,002209,达 意 隆,8.42,2.06,7,11,20,11.82,17.43,28.16
920,300414,中光防雷,18.85,2.33,6,6,20,9.59,9.59,28.14
453,002467,二六三,6.56,-5.61,-1,-1,19,0.0,0.0,28.12
1498,601949,中国出版,5.74,-9.89,-1,-1,18,0.0,0.0,28.12
214,002072,凯瑞德,7.16,-10.05,-1,-1,17,0.0,0.0,28.09
455,002476,宝莫股份,5.61,0.54,5,20,19,4.86,31.07,28.08
557,002681,奋达科技,5.20,-8.77,-1,-1,19,0.0,0.0,28.08
1608,603557,起步股份,9.35,1.08,7,7,21,14.02,14.02,28.08
1174,600206,有研新材,9.17,2.92,6,5,20,11.42,10.22,28.07
840,300296,利亚德,9.08,-0.11,-2,-1,19,-0.11,0.0,28.07
673,300036,超图软件,18.89,-2.28,7,11,20,11.25,17.18,28.07
508,002581,未名医药,7.85,-8.19,-2,-1,19,-8.19,0.0,28.06
113,000807,云铝股份,5.02,-9.71,-1,-1,18,0.0,0.0,28.06
164,000955,欣龙控股,5.25,6.28,7,5,20,14.38,13.88,28.05
301,002214,大立科技,7.81,2.9,4,11,20,8.17,19.24,28.03
100,000720,*ST新能,4.66,-4.51,-1,-1,20,0.0,0.0,28.02
71,000607,华媒控股,5.26,-9.31,-1,-1,19,0.0,0.0,27.98
260,002149,西部材料,7.79,-7.92,-1,-1,20,0.0,0.0,27.91
948,300461,田中精机,24.20,-3.16,-1,-1,18,0.0,0.0,27.91
1162,600175,美都能源,2.75,-9.84,-1,-1,17,0.0,0.0,27.91
1290,600568,中珠医疗,2.89,-9.97,-1,-1,19,0.0,0.0,27.88
1084,300706,阿石创,31.61,2.7,4,4,18,1.64,1.64,27.82
208,002059,云南旅游,6.71,0.6,11,20,18,19.4,30.54,27.81
156,000933,神火股份,5.24,-9.97,-1,-1,19,0.0,0.0,27.8
985,300518,盛讯达,26.07,-3.44,-1,5,18,0.0,7.42,27.79
285,002190,成飞集成,19.93,-5.32,-2,-1,18,-5.32,0.0,27.76
1525,603076,乐惠国际,29.59,10.0,7,20,18,17.05,31.1,27.76
802,300231,银信科技,8.61,-4.44,-1,4,19,0.0,3.11,27.74
940,300449,汉邦高科,19.62,-5.22,-1,-1,19,0.0,0.0,27.73
653,002948,青岛银行,8.20,-9.99,-1,-1,11,0.0,0.0,27.73
472,002515,金字火腿,5.53,1.84,5,11,20,6.14,24.27,27.71
942,300453,三鑫医疗,14.64,-3.94,-1,3,19,0.0,-2.4,27.64
157,000935,四川双马,19.00,-2.81,6,11,20,8.82,14.6,27.52
12,000040,东旭蓝天,8.76,-4.26,-1,5,19,0.0,6.44,27.51
140,000897,津滨发展,3.06,-10.0,-1,-1,18,0.0,0.0,27.5
936,300444,双杰电气,8.58,-1.27,-1,5,22,0.0,5.93,27.49
513,002590,万安科技,8.44,-6.43,-1,-1,18,0.0,0.0,27.49
189,002019,亿帆医药,12.20,-5.06,-1,-1,20,0.0,0.0,27.48
1260,600460,士兰微,14.06,10.02,5,5,11,22.58,22.58,27.36
1380,600784,鲁银投资,6.06,-0.49,5,5,19,7.64,7.64,27.31
1057,300655,晶瑞股份,17.78,3.49,1,1,20,0.0,0.0,27.27
543,002654,万润科技,5.10,1.59,5,5,20,6.25,6.25,27.18
110,000801,四川九洲,6.37,-7.41,-1,-1,21,0.0,0.0,27.15
141,000901,航天科技,13.17,-4.63,-1,5,20,0.0,4.94,27.12
403,002380,科远股份,13.80,-1.71,-1,5,20,0.0,10.58,27.07
356,002312,三泰控股,4.04,-7.76,-1,-1,20,0.0,0.0,27.04
592,002766,索菱股份,6.58,-3.38,-1,5,18,0.0,9.67,27.03
375,002338,奥普光电,14.76,-1.01,5,20,18,10.98,29.93,27.02
166,000961,中南建设,7.90,-2.35,-3,-2,24,-3.42,-2.35,27.01
83,000663,永安林业,6.96,-4.66,-1,11,17,0.0,20.0,27.01
1099,300738,奥飞数据,47.36,-2.05,5,5,19,11.51,11.51,26.97
226,002089,新 海 宜,5.70,-1.38,-1,4,20,0.0,-0.7,26.95
1401,600850,华东电脑,21.77,0.18,5,5,20,9.95,9.95,26.94
1574,603300,华铁科技,5.81,-3.17,-1,-1,19,0.0,0.0,26.86
70,000606,顺利办,7.56,-2.58,-1,5,19,0.0,4.56,26.85
1351,600719,大连热电,5.20,-1.14,12,20,20,20.93,26.83,26.83
1340,600686,金龙汽车,8.99,0.0,-1,3,20,0.0,-0.22,26.8
1139,600120,浙江东方,16.85,-6.91,-1,-1,20,0.0,0.0,26.79
1457,601177,杭齿前进,13.11,-4.38,-2,-1,21,-4.38,0.0,26.79
826,300275,梅安森,9.76,-0.1,5,5,18,10.41,10.41,26.75
150,000920,南方汇通,7.25,-2.42,-1,20,18,0.0,30.4,26.75
500,002567,唐人神,11.62,10.04,6,5,5,38.33,26.72,26.72
950,300464,星徽精密,8.84,-2.64,-1,21,20,0.0,30.0,26.65
741,300143,星普医科,10.51,0.38,7,7,19,9.59,9.59,26.63
1095,300731,科创新源,28.68,1.96,5,5,18,9.72,9.72,26.62
978,300508,维宏股份,27.92,-0.68,-1,11,18,0.0,14.19,26.62
887,300364,中文在线,5.81,-7.92,-1,-1,18,0.0,0.0,26.58
1183,600222,太龙药业,4.53,-5.43,-1,-1,21,0.0,0.0,26.54
1604,603528,多伦科技,7.50,-5.3,-1,5,20,0.0,8.23,26.48
822,300269,联建光电,6.40,-4.62,-1,5,16,0.0,11.69,26.48
1605,603533,掌阅科技,21.97,-6.39,-1,-1,19,0.0,0.0,26.48
1049,300634,彩讯股份,30.73,-5.15,-1,5,18,0.0,12.61,26.46
4,000018,神州长城,2.87,-10.03,-1,-1,20,0.0,0.0,26.43
104,000733,振华科技,14.88,0.0,5,5,20,8.06,8.06,26.42
1021,300590,移为通信,37.42,-3.33,-2,-1,12,-3.33,0.0,26.42
1668,603869,新智认知,20.06,-2.62,-1,-1,20,0.0,0.0,26.4
1333,600664,哈药股份,4.74,-9.71,-1,21,20,0.0,28.46,26.4
136,000887,中鼎股份,12.50,-4.14,-1,11,20,0.0,11.31,26.39
1593,603456,九洲药业,8.72,-1.69,-1,10,20,0.0,15.65,26.38
1058,300656,民德电子,25.50,-0.66,7,20,19,10.63,28.14,26.36
645,002920,德赛西威,27.10,-2.1,-1,-1,21,0.0,0.0,26.34
212,002069,獐子岛,4.42,-1.78,5,20,19,8.07,27.38,26.29
323,002245,澳洋顺昌,5.14,-3.2,-1,4,19,0.0,2.59,26.29
854,300315,掌趣科技,4.18,-4.13,-1,19,17,0.0,29.01,26.28
872,300342,天银机电,9.37,2.85,7,20,18,14.41,30.14,26.28
1263,600476,湘邮科技,15.48,-1.4,-1,5,18,0.0,3.89,26.26
333,002263,*ST东南,2.02,-5.16,-1,11,20,0.0,15.43,26.25
1050,300637,扬帆新材,33.71,-4.29,-1,-1,20,0.0,0.0,26.21
1248,600416,湘电股份,7.00,-1.69,-2,-2,20,-1.69,-1.69,26.13
359,002315,焦点科技,15.20,-4.16,-1,-1,20,0.0,0.0,26.04
1241,600391,航发科技,14.87,-2.87,-1,-1,19,0.0,0.0,26.02
727,300114,中航电测,9.79,-4.3,-1,-1,21,0.0,0.0,26.0
825,300273,和佳股份,5.92,-6.62,-1,-1,20,0.0,0.0,25.96
64,000585,*ST东电,2.62,-2.6,-1,15,21,0.0,20.18,25.96
620,002841,视源股份,72.95,-1.21,-2,-2,27,-1.21,-1.21,25.88
488,002546,新联电子,5.01,1.42,7,11,21,11.58,17.61,25.88
1325,600645,中源协和,21.41,-7.11,-1,-1,19,0.0,0.0,25.87
253,002139,拓邦股份,5.70,-3.72,-2,-1,21,-3.72,0.0,25.83
1069,300674,宇信科技,37.08,-9.21,-1,-1,17,0.0,0.0,25.82
405,002383,合众思壮,14.83,0.41,4,11,20,2.91,14.08,25.78
1185,600225,天津松江,3.66,-0.27,4,4,20,1.1,1.1,25.77
1700,603998,方盛制药,6.15,-4.8,-1,-1,20,0.0,0.0,25.77
44,000523,广州浪奇,4.98,-2.16,-1,20,20,0.0,25.76,25.76
350,002296,辉煌科技,6.74,-9.53,-1,-1,20,0.0,0.0,25.75
1400,600848,上海临港,25.86,-3.87,-1,11,21,0.0,16.54,25.72
1002,300551,古鳌科技,14.39,-5.2,-1,7,19,0.0,13.58,25.68
1242,600392,盛和资源,11.21,-9.81,-1,-1,20,0.0,0.0,25.67
462,002491,通鼎互联,10.87,-0.09,5,4,20,8.81,3.52,25.66
1107,600010,包钢股份,1.91,-7.73,-1,-1,20,0.0,0.0,25.66
980,300511,雪榕生物,8.08,-2.65,-1,7,20,0.0,8.31,25.66
839,300295,三六五网,15.20,-7.77,-1,-1,21,0.0,0.0,25.62
46,000526,紫光学大,23.70,-2.19,-1,-1,20,0.0,0.0,25.6
724,300111,向日葵,2.95,-1.99,-1,4,20,0.0,8.46,25.53
1435,600990,四创电子,44.70,-1.8,-2,-1,20,-1.8,0.0,25.53
92,000697,炼石航空,13.97,-5.54,-1,-1,17,0.0,0.0,25.52
192,002023,海特高新,12.90,3.78,1,4,21,0.0,2.46,25.49
1305,600594,益佰制药,6.60,-2.94,-1,20,17,0.0,30.43,25.48
994,300537,广信材料,11.63,-2.6,-1,5,20,0.0,4.3,25.46
464,002501,利源精制,3.40,-10.05,-1,-1,18,0.0,0.0,25.46
875,300346,南大光电,14.34,2.94,1,6,7,0.0,14.08,25.46
56,000560,我爱我家,5.77,-3.67,-1,-1,18,0.0,0.0,25.43
373,002334,英威腾,6.18,-6.22,-1,5,21,0.0,10.75,25.35
342,002283,天润曲轴,4.45,-8.62,-1,11,20,0.0,17.72,25.35
505,002577,雷柏科技,12.67,-5.16,-1,-1,19,0.0,0.0,25.32
999,300546,雄帝科技,31.79,-0.63,4,4,20,3.21,3.21,25.31
284,002189,利达光电,20.30,-9.98,-1,-1,11,0.0,0.0,25.31
1479,601611,中国核建,8.73,-7.62,-1,-1,20,0.0,0.0,25.25
981,300513,恒泰实达,26.89,0.71,5,5,19,5.66,5.66,25.19
1023,300592,华凯创意,11.28,-2.17,5,21,19,10.37,30.25,25.19
1062,300660,江苏雷利,24.35,-8.53,-1,20,20,0.0,25.19,25.19
962,300480,光力科技,11.79,-0.34,7,6,21,10.81,9.88,25.16
526,002619,艾格拉斯,4.28,-5.73,-1,-1,20,0.0,0.0,25.15
294,002207,ST准油,6.37,0.16,-3,-2,15,-1.24,0.16,25.15
685,300052,中青宝,11.65,-2.51,-1,5,18,0.0,6.3,25.13
280,002183,怡 亚 通,5.73,-6.53,-1,-1,19,0.0,0.0,25.11
1037,300613,富瀚微,121.11,1.59,4,4,18,1.87,1.87,25.1
1617,603600,永艺股份,9.62,-3.02,-1,-1,20,0.0,0.0,25.1
1264,600477,杭萧钢构,4.64,-2.73,-1,20,20,0.0,25.07,25.07
751,300161,华中数控,14.19,-3.86,-1,-1,21,0.0,0.0,25.02
580,002732,燕塘乳业,19.89,2.42,10,10,19,17.9,17.9,25.02
1632,603660,苏州科达,24.99,-3.88,-1,4,21,0.0,2.21,25.01
254,002140,东华科技,7.95,-1.49,5,11,20,7.72,15.72,25.0
905,300390,天华超净,9.90,-2.85,7,5,19,12.76,12.88,25.0
133,000881,中广核技,9.05,-7.27,-1,-1,21,0.0,0.0,25.0
926,300430,诚益通,9.76,-5.15,-1,-1,20,0.0,0.0,24.97
952,300466,赛摩电气,7.06,-6.49,-1,10,18,0.0,11.18,24.96
1253,600435,北方导航,9.72,0.21,1,21,20,0.0,27.89,24.94
324,002247,聚力文化,5.16,-5.67,-1,-1,17,0.0,0.0,24.94
1172,600202,*ST哈空,4.56,-5.0,-1,20,19,0.0,27.37,24.93
1352,600721,百花村,6.57,-1.05,6,19,15,9.87,33.81,24.9
385,002355,兴民智通,8.83,-2.11,-1,20,17,0.0,30.24,24.89
414,002399,海普瑞,26.00,3.67,5,5,21,8.42,8.42,24.88
1590,603399,吉翔股份,12.40,-2.21,5,5,23,7.17,7.17,24.87
1431,600978,宜华生活,4.72,-7.45,-1,-1,20,0.0,0.0,24.87
519,002601,龙蟒佰利,15.63,-2.19,7,10,20,10.3,10.07,24.84
313,002231,奥维通信,7.90,-9.2,-2,-1,18,-9.2,0.0,24.8
440,002443,金洲管道,6.75,-5.99,-2,-1,19,-5.99,0.0,24.77
213,002071,长城影视,5.20,-3.7,-1,5,18,0.0,7.66,24.7
903,300385,雪浪环境,17.08,-2.01,2,20,18,-2.01,29.0,24.67
62,000572,海马汽车,2.73,-9.3,-1,-1,18,0.0,0.0,24.66
377,002340,格林美,5.11,-5.02,-1,-1,20,0.0,0.0,24.63
772,300192,科斯伍德,10.38,0.29,7,15,18,10.54,18.9,24.61
26,000155,川能动力,4.46,-3.67,-1,5,20,0.0,9.31,24.58
400,002375,亚厦股份,6.44,-3.3,-2,-1,40,-3.3,0.0,24.56
771,300190,维尔利,6.15,-1.44,7,11,21,9.04,14.1,24.49
1092,300726,宏达电子,21.22,0.09,5,5,19,5.0,5.0,24.46
1674,603887,城地股份,18.02,0.17,11,10,20,21.02,16.41,24.45
1238,600380,健康元,8.25,-2.6,-1,-1,21,0.0,0.0,24.43
1293,600575,皖江物流,2.75,-6.78,-1,-1,20,0.0,0.0,24.43
1425,600936,广西广电,4.69,-8.4,-1,-1,20,0.0,0.0,24.4
27,000156,华数传媒,10.61,-5.27,-2,-1,21,-5.27,0.0,24.38
548,002664,长鹰信质,14.35,-2.38,-1,20,19,0.0,26.88,24.35
681,300047,天源迪科,16.70,-2.17,7,11,11,16.78,24.35,24.35
361,002317,众生药业,10.06,4.79,1,11,21,0.0,14.84,24.35
415,002400,省广集团,3.68,-7.54,-1,-1,20,0.0,0.0,24.32
180,002001,新 和 成,19.23,-1.23,4,11,21,7.25,16.83,24.31
1143,600130,波导股份,4.45,-2.84,-1,5,19,0.0,5.2,24.3
1411,600876,洛阳玻璃,13.66,-5.14,-1,20,18,0.0,27.66,24.29
228,002092,中泰化学,9.27,-3.84,-1,-1,21,0.0,0.0,24.26
534,002636,金安国纪,9.48,-1.96,-1,4,19,0.0,0.21,24.25
514,002591,恒大高新,7.95,-9.76,-1,-1,20,0.0,0.0,24.22
1596,603496,恒为科技,30.58,-6.14,-1,5,20,0.0,5.41,24.21
243,002121,科陆电子,6.67,-6.71,-1,5,5,0.0,24.21,24.21
234,002104,恒宝股份,7.49,-3.1,-1,4,19,0.0,1.9,24.21
155,000930,中粮生化,8.88,-3.06,-2,-1,18,-3.06,0.0,24.2
343,002284,亚太股份,5.55,-1.42,-1,21,19,0.0,28.77,24.16
1362,600744,华银电力,3.65,-9.88,-1,-1,20,0.0,0.0,24.15
305,002219,恒康医疗,3.91,-9.91,-1,-1,19,0.0,0.0,24.13
725,300112,万讯自控,8.50,-1.85,-1,5,20,0.0,7.46,24.09
1480,601616,广电电气,4.64,-9.9,-1,4,20,0.0,9.18,24.06
960,300478,杭州高新,16.48,-1.96,-3,-3,18,-1.96,-1.96,24.0
659,300007,汉威科技,12.41,-2.97,-1,-1,18,0.0,0.0,23.98
524,002617,露笑科技,4.50,-8.91,-1,-1,19,0.0,0.0,23.97
816,300259,新天科技,3.83,-2.79,-1,4,20,0.0,4.36,23.95
945,300456,耐威科技,30.90,2.59,1,1,21,0.0,0.0,23.95
0,000005,世纪星源,3.68,-3.16,-1,11,21,0.0,16.09,23.91
1516,603030,全筑股份,6.90,-2.13,-1,3,21,0.0,0.29,23.88
1491,601866,中远海发,3.01,-7.38,-1,-1,20,0.0,0.0,23.87
1580,603320,迪贝电气,21.26,0.76,4,5,20,11.66,14.42,23.82
593,002770,科迪乳业,3.64,-8.31,-1,-1,20,0.0,0.0,23.81
1115,600060,海信电器,11.13,-8.4,-1,-1,18,0.0,0.0,23.8
1254,600439,瑞贝卡,3.59,-7.47,-1,-1,20,0.0,0.0,23.79
137,000889,中嘉博创,12.54,-6.42,-1,-1,19,0.0,0.0,23.79
1551,603178,圣龙股份,11.66,-2.83,4,4,17,5.81,5.81,23.78
672,300034,钢研高纳,11.98,-6.55,-1,-1,21,0.0,0.0,23.76
1163,600179,安通控股,7.77,2.51,5,5,19,10.06,10.06,23.73
748,300157,恒泰艾普,5.06,-8.17,-1,-1,19,0.0,0.0,23.72
94,000701,厦门信达,7.20,-4.76,-1,-1,19,0.0,0.0,23.71
1226,600354,敦煌种业,4.80,-0.83,6,10,18,11.11,13.21,23.71
847,300305,裕兴股份,8.87,1.03,5,4,22,5.72,4.48,23.71
225,002086,东方海洋,4.75,-5.0,-1,-1,19,0.0,0.0,23.7
441,002444,巨星科技,11.59,-1.11,-1,11,20,0.0,10.8,23.69
120,000831,五矿稀土,10.65,-7.31,-1,-1,21,0.0,0.0,23.69
1158,600169,太原重工,2.98,-8.31,-1,-1,20,0.0,0.0,23.65
1046,300628,亿联网络,95.04,-1.35,-3,-2,22,-4.22,-1.35,23.64
564,002694,顾地科技,5.08,-2.12,-1,5,19,0.0,8.09,23.6
147,000912,*ST天化,5.67,-5.03,-1,-1,22,0.0,0.0,23.53
407,002388,新亚制程,5.83,-3.0,-1,-1,20,0.0,0.0,23.52
805,300235,方直科技,10.30,-3.74,-1,5,19,0.0,5.42,23.5
1031,300605,恒锋信息,18.52,-0.27,5,5,20,8.37,8.37,23.47
1387,600819,耀皮玻璃,5.11,-4.84,-1,20,18,0.0,26.49,23.43
925,300426,唐德影视,7.91,-5.61,-1,4,18,0.0,3.4,23.4
391,002363,隆基机械,6.33,-9.96,-1,-1,20,0.0,0.0,23.39
682,300048,合康新能,3.06,-9.47,-1,-1,19,0.0,0.0,23.39
910,300398,飞凯材料,19.00,1.6,5,5,19,7.59,7.59,23.38
1347,600710,苏美达,5.02,-9.87,-1,-1,20,0.0,0.0,23.34
1492,601869,长飞光纤,50.37,-2.12,5,5,20,5.93,5.93,23.33
312,002230,科大讯飞,37.85,-0.37,-2,-1,11,-0.37,0.0,23.33
346,002291,星期六,5.40,-6.41,-1,-1,20,0.0,0.0,23.29
742,300148,天舟文化,4.87,-2.01,-1,4,16,0.0,3.62,23.29
1346,600708,光明地产,4.61,-3.96,-1,11,21,0.0,16.12,23.26
1510,603015,弘讯科技,7.58,-3.07,-1,-1,19,0.0,0.0,23.25
454,002474,榕基软件,9.28,-1.9,7,5,11,18.07,16.44,23.24
193,002028,思源电气,13.00,1.96,7,5,20,11.3,7.79,23.22
188,002018,*ST华信,1.38,-0.72,4,3,19,9.52,4.55,23.21
1244,600397,*ST安煤,2.76,-4.83,-1,15,20,0.0,21.59,23.21
998,300542,新晨科技,16.56,-4.88,-1,-1,20,0.0,0.0,23.21
367,002325,洪涛股份,3.77,-5.99,-1,-1,20,0.0,0.0,23.2
1233,600366,宁波韵升,6.48,-6.09,-1,-1,20,0.0,0.0,23.19
1507,603008,喜临门,11.42,-5.93,-1,5,20,0.0,11.63,23.19
993,300534,陇神戎发,6.91,-9.67,-1,-1,19,0.0,0.0,23.17
1391,600825,新华传媒,6.86,-0.72,-2,-1,17,-0.72,0.0,23.16
172,000982,*ST 中绒,1.49,0.68,3,3,20,5.67,5.67,23.14
314,002232,启明信息,8.89,-2.84,-1,5,20,0.0,6.34,23.13
1150,600148,长春一东,18.00,-5.86,-1,5,20,0.0,8.7,23.12
1544,603138,海量数据,23.14,-1.99,-1,5,20,0.0,5.9,23.09
881,300356,光一科技,9.67,-0.31,5,5,5,23.03,23.03,23.03
365,002322,理工环科,11.66,-6.35,-1,-1,21,0.0,0.0,23.0
943,300454,深信服,105.60,-0.02,3,10,20,0.57,7.89,22.99
1520,603040,新坐标,30.49,2.42,7,20,19,7.43,23.89,22.99
311,002229,鸿博股份,8.99,-2.81,6,5,18,13.94,12.38,22.98
1414,600880,博瑞传播,4.39,-0.23,10,20,18,9.75,27.62,22.97
780,300201,海伦哲,5.26,0.96,6,5,18,8.01,7.79,22.9
487,002544,杰赛科技,13.80,-2.34,-1,6,18,0.0,4.62,22.89
738,300138,晨光生物,7.20,8.6,7,11,21,10.6,18.23,22.87
1070,300677,英科医疗,19.45,1.51,1,5,20,0.0,3.57,22.87
625,002856,美芝股份,24.38,4.64,4,5,18,6.93,9.18,22.82
1682,603918,金桥信息,14.50,-5.84,-1,21,19,0.0,27.75,22.78
643,002913,奥士康,55.27,-2.64,-2,-2,11,-2.64,-2.64,22.74
88,000687,华讯方舟,8.42,-8.08,-1,-1,18,0.0,0.0,22.74
1541,603128,华贸物流,6.59,0.0,-1,21,20,0.0,25.05,22.72
358,002314,南山控股,3.73,-8.35,-1,-1,20,0.0,0.0,22.7
1615,603596,伯特利,24.17,0.08,4,4,18,7.66,7.66,22.69
22,000096,广聚能源,11.15,-5.11,-1,20,20,0.0,22.66,22.66
1558,603200,上海洗霸,37.51,-4.31,-2,-1,21,-4.31,0.0,22.66
915,300404,博济医药,13.71,-5.77,-1,-1,20,0.0,0.0,22.63
656,300004,南风股份,4.39,-8.16,-1,-1,18,0.0,0.0,22.63
1181,600219,南山铝业,2.71,-7.51,-1,-1,20,0.0,0.0,22.62
261,002151,北斗星通,26.26,-0.3,5,5,20,3.92,3.92,22.6
846,300304,云意电气,4.83,-3.98,-1,7,21,0.0,7.57,22.59
1673,603883,老百姓,58.96,-1.73,-1,4,21,0.0,2.18,22.58
327,002253,川大智胜,17.38,-3.77,-1,-1,20,0.0,0.0,22.57
134,000882,华联股份,2.88,-6.8,-2,-1,18,-6.8,0.0,22.55
420,002408,齐翔腾达,8.33,-5.02,-1,5,20,0.0,6.25,22.5
61,000571,新大洲Ａ,3.54,-5.09,-1,5,19,0.0,5.67,22.49
1045,300627,华测导航,20.43,-0.87,-2,5,20,-0.87,5.58,22.48
992,300533,冰川网络,36.88,-2.38,-1,20,19,0.0,23.43,22.4
715,300100,双林股份,11.04,-5.32,-1,-1,19,0.0,0.0,22.39
1629,603656,泰禾光电,18.02,-6.24,-1,-1,20,0.0,0.0,22.34
691,300062,中能电气,6.30,-7.89,-1,-1,20,0.0,0.0,22.33
1610,603566,普莱柯,14.81,-2.63,-1,-1,20,0.0,0.0,22.19
190,002021,中捷资源,3.42,-7.82,-1,-1,18,0.0,0.0,22.14
1515,603023,威帝股份,5.85,-7.58,-1,-1,20,0.0,0.0,22.13
596,002776,柏堡龙,24.29,-2.8,-2,-1,11,-2.8,0.0,22.12
1152,600150,*ST船舶,16.18,-4.03,-2,-1,15,-4.03,0.0,22.11
997,300541,先进数通,16.97,-3.74,-1,-1,20,0.0,0.0,22.09
450,002462,嘉事堂,17.58,-2.22,-1,5,20,0.0,6.87,22.08
371,002331,皖通科技,10.85,-2.08,-1,4,19,0.0,2.84,22.05
938,300447,全信股份,10.91,-3.79,-1,-1,17,0.0,0.0,22.04
1499,601975,ST长油,2.77,4.92,11,10,17,22.57,19.4,22.03
1287,600565,迪马股份,3.49,-5.93,-1,-1,20,0.0,0.0,22.03
1474,601558,ST锐电,1.44,-4.64,-1,10,21,0.0,13.39,22.03
1360,600735,新华锦,6.48,-9.37,-1,-1,19,0.0,0.0,22.03
590,002759,天际股份,8.65,-2.81,-2,-1,16,-2.81,0.0,22.0
1701,603999,读者传媒,6.11,-7.42,-1,-1,19,0.0,0.0,21.96
1430,600975,新五丰,9.00,10.02,6,5,5,34.13,21.95,21.95
701,300078,思创医惠,11.06,-1.95,-1,5,20,0.0,9.94,21.94
795,300222,科大智能,18.12,-4.18,-2,-1,20,-4.18,0.0,21.94
457,002481,双塔食品,3.73,-6.28,-1,20,18,0.0,24.75,21.9
851,300309,吉艾科技,8.02,-9.99,-1,-1,18,0.0,0.0,21.88
1319,600626,申达股份,6.14,0.49,7,11,20,10.04,13.7,21.83
1419,600896,*ST海投,5.14,-1.72,7,15,20,9.36,20.09,21.8
1566,603258,电魂网络,18.16,-5.91,-1,-1,19,0.0,0.0,21.8
167,000969,安泰科技,6.27,-4.71,-1,-1,18,0.0,0.0,21.75
477,002527,新时达,6.72,-5.35,-1,-1,17,0.0,0.0,21.74
497,002564,天沃科技,5.60,-7.44,-1,-1,16,0.0,0.0,21.74
1032,300607,拓斯达,39.16,-3.02,-2,-1,20,-3.02,0.0,21.73
1078,300688,创业黑马,45.65,-10.0,-1,-1,18,0.0,0.0,21.73
786,300208,恒顺众昇,6.95,-5.95,-1,-1,19,0.0,0.0,21.72
693,300065,海兰信,14.35,-2.71,-1,-1,21,0.0,0.0,21.71
86,000678,襄阳轴承,7.40,-4.15,-1,-1,15,0.0,0.0,21.71
1177,600212,江泉实业,4.77,-9.49,-1,-1,18,0.0,0.0,21.68
762,300178,腾邦国际,9.95,-6.31,-1,-1,18,0.0,0.0,21.64
635,002883,中设股份,24.01,0.08,6,6,20,2.0,2.0,21.63
277,002178,延华智能,4.45,-7.48,-1,-1,19,0.0,0.0,21.58
51,000545,金浦钛业,4.06,-2.87,-1,11,18,0.0,14.69,21.56
1694,603988,中电电机,11.50,-6.88,-1,20,19,0.0,22.6,21.56
778,300199,翰宇药业,10.44,0.1,-1,11,18,0.0,16.39,21.54
354,002307,北新路桥,6.84,1.18,12,17,16,18.75,24.82,21.49
1603,603520,司太立,30.66,-1.1,-2,-1,18,-1.1,0.0,21.47
165,000958,东方能源,4.36,-4.6,-1,10,21,0.0,4.06,21.45
817,300260,新莱应材,11.38,-2.49,-2,-1,21,-2.49,0.0,21.45
692,300063,天龙集团,3.80,-6.63,-1,-1,16,0.0,0.0,21.41
1654,603787,新日股份,11.46,-6.98,-1,5,19,0.0,5.52,21.4
207,002056,横店东磁,7.26,-3.46,-1,-1,21,0.0,0.0,21.4
37,000420,吉林化纤,2.44,-8.61,-1,-1,20,0.0,0.0,21.39
1488,601811,新华文轩,14.03,2.63,5,4,17,12.78,4.7,21.37
1217,600302,标准股份,5.57,-2.62,-1,20,20,0.0,21.35,21.35
40,000506,中润资源,3.47,-10.1,-1,-1,19,0.0,0.0,21.33
1343,600701,*ST工新,2.73,-4.88,-1,11,18,0.0,16.17,21.33
827,300276,三丰智能,13.22,-5.5,-1,-1,20,0.0,0.0,21.28
41,000509,华塑控股,3.25,-7.14,-1,-1,19,0.0,0.0,21.27
1562,603225,新凤鸣,20.99,0.24,11,11,18,19.74,19.74,21.26
679,300045,华力创通,9.98,0.3,-2,5,20,0.3,6.06,21.26
976,300506,名家汇,17.92,-0.28,5,5,20,3.29,3.29,21.24
353,002301,齐心集团,10.00,-2.72,-1,-1,21,0.0,0.0,21.21
1113,600052,浙江广厦,3.60,-2.44,-1,20,19,0.0,23.29,21.21
1472,601515,东风股份,11.32,2.17,7,5,5,23.85,21.2,21.2
14,000045,深纺织Ａ,7.15,-6.78,-1,-1,19,0.0,0.0,21.19
1567,603259,药明康德,93.56,-1.91,-2,-2,21,-1.91,-1.91,21.19
783,300204,舒泰神,12.81,-4.4,-1,-1,20,0.0,0.0,21.19
520,002604,*ST龙力,1.83,-5.18,-1,3,19,0.0,-0.54,21.19
866,300334,津膜科技,8.47,-5.89,-1,-1,19,0.0,0.0,21.17
306,002220,天宝食品,3.15,-7.89,-1,-1,19,0.0,0.0,21.15
1054,300645,正元智慧,36.70,-7.44,-1,-1,18,0.0,0.0,21.12
60,000565,渝三峡Ａ,5.57,-2.96,-1,-1,20,0.0,0.0,21.09
710,300089,文化长城,6.43,-7.88,-1,-1,19,0.0,0.0,21.09
813,300253,卫宁健康,14.22,0.14,7,11,11,10.32,21.02,21.02
1064,300662,科锐国际,36.35,8.02,1,1,10,0.0,0.0,21.01
1261,600462,九有股份,2.42,-5.1,-1,11,18,0.0,14.69,21.0
821,300268,佳沃股份,15.44,-2.34,-1,10,20,0.0,13.28,21.0
81,000661,长春高新,273.53,10.0,3,3,3,21.0,21.0,21.0
330,002260,*ST德奥,3.40,-5.03,-1,20,19,0.0,25.0,21.0
629,002862,实丰文化,30.66,10.01,6,5,3,27.91,26.07,20.99
202,002046,轴研科技,8.02,-6.31,-1,-1,20,0.0,0.0,20.97
90,000692,惠天热电,3.29,-6.8,-1,-1,22,0.0,0.0,20.96
1699,603997,继峰股份,9.12,-5.0,-1,11,20,0.0,15.88,20.95
270,002165,红 宝 丽,4.62,-3.95,-1,-1,19,0.0,0.0,20.94
1203,600265,ST景谷,28.76,0.0,13,23,20,13.68,24.83,20.94
901,300382,斯莱克,6.76,-3.98,-1,-1,18,0.0,0.0,20.93
96,000707,*ST双环,3.65,-4.95,-1,-1,18,0.0,0.0,20.86
1543,603136,天目湖,35.53,-2.92,-2,-1,19,-2.92,0.0,20.85
29,000159,国际实业,5.11,-5.55,-1,-1,20,0.0,0.0,20.8
1005,300557,理工光科,28.05,-0.04,7,20,19,7.8,22.97,20.8
259,002148,北纬科技,7.38,-3.91,-1,-1,19,0.0,0.0,20.79
1539,603126,中材节能,6.51,-4.12,-1,-1,19,0.0,0.0,20.78
984,300516,久之洋,34.42,-3.26,-1,21,20,0.0,23.32,20.77
1392,600826,兰生股份,11.58,-5.16,-1,-1,20,0.0,0.0,20.75
1676,603890,春秋电子,14.15,-4.07,-1,20,19,0.0,22.51,20.73
856,300318,博晖创新,4.72,-5.22,-1,-1,20,0.0,0.0,20.72
560,002688,金河生物,5.48,-1.79,-1,10,20,0.0,8.3,20.7
106,000782,美达股份,5.02,-3.46,-1,-1,19,0.0,0.0,20.67
688,300055,万邦达,8.78,-5.18,-1,-1,18,0.0,0.0,20.6
1659,603817,海峡环保,7.38,-6.35,-1,-1,20,0.0,0.0,20.59
523,002616,长青集团,8.38,-3.23,-1,4,20,0.0,2.95,20.58
416,002401,中远海科,11.37,-0.35,6,20,19,7.98,21.6,20.57
1671,603879,永悦科技,11.65,-8.41,-1,7,20,0.0,9.6,20.48
639,002903,宇环数控,20.03,-8.16,-1,-1,18,0.0,0.0,20.44
1219,600311,荣华实业,3.95,-10.02,-1,-1,18,0.0,0.0,20.43
797,300224,正海磁材,7.25,-5.84,-1,-1,19,0.0,0.0,20.43
145,000909,数源科技,8.37,-3.01,-1,-1,19,0.0,0.0,20.43
8,000032,深桑达Ａ,9.26,-2.53,-1,-1,22,0.0,0.0,20.42
1641,603703,盛洋科技,11.03,-1.61,-1,-1,24,0.0,0.0,20.41
719,300105,龙源技术,4.78,0.42,14,20,20,13.27,20.4,20.4
1026,300597,吉大通信,15.46,-2.83,-1,5,19,0.0,5.75,20.4
1208,600275,ST昌鱼,3.07,-4.95,-1,-1,20,0.0,0.0,20.39
589,002757,南兴装备,33.98,-6.6,-1,10,18,0.0,13.46,20.37
913,300402,宝色股份,9.52,-9.68,-1,-1,21,0.0,0.0,20.35
556,002679,福建金森,22.32,-3.25,-2,-1,20,-3.25,0.0,20.32
103,000731,四川美丰,6.69,-1.62,7,11,20,10.21,15.94,20.32
1101,300740,御家汇,18.65,-6.8,-1,4,18,0.0,6.63,20.32
1365,600747,ST大控,1.54,-4.94,-1,11,18,0.0,14.07,20.31
884,300360,炬华科技,9.18,-2.75,-1,21,20,0.0,25.58,20.31
249,002134,天津普林,7.24,-2.69,-1,5,19,0.0,6.0,20.27
1124,600079,人福医药,11.22,-3.44,-1,-1,22,0.0,0.0,20.26
1627,603648,畅联股份,12.17,-2.64,-1,20,19,0.0,21.82,20.26
842,300300,汉鼎宇佑,12.47,-1.27,-1,11,17,0.0,13.47,20.25
1156,600166,福田汽车,2.14,-8.94,-1,-1,20,0.0,0.0,20.22
1076,300686,智动力,13.74,1.63,5,5,5,20.21,20.21,20.21
969,300494,盛天网络,11.72,-6.91,-1,-1,18,0.0,0.0,20.21
268,002162,悦心健康,3.63,-5.71,-1,-1,19,0.0,0.0,20.2
1193,600243,青海华鼎,4.88,-6.51,-1,-1,19,0.0,0.0,20.2
546,002659,凯文教育,8.63,-0.12,6,6,20,8.28,8.28,20.19
78,000633,合金投资,6.19,-10.03,-1,-1,11,0.0,0.0,20.19
262,002152,广电运通,6.73,-3.3,-1,-1,20,0.0,0.0,20.18
1341,600687,刚泰控股,4.95,-10.0,-1,-1,17,0.0,0.0,20.15
168,000970,中科三环,9.61,-5.6,-1,-1,20,0.0,0.0,20.12
231,002096,南岭民爆,6.57,-3.81,-1,-1,20,0.0,0.0,20.11
465,002502,骅威文化,4.42,-9.43,-1,-1,18,0.0,0.0,20.11
1670,603876,鼎胜新材,21.10,-0.28,4,4,17,8.21,8.21,20.09
575,002724,海洋王,6.70,-1.18,-1,11,19,0.0,10.93,20.07
900,300381,溢多利,10.07,-5.71,-1,-1,20,0.0,0.0,20.02
19,000065,北方国际,9.37,-5.35,-1,-1,20,0.0,0.0,19.97
1348,600712,南宁百货,4.51,-3.22,-1,19,17,0.0,20.91,19.95
1179,600216,浙江医药,10.40,-4.06,-1,-1,21,0.0,0.0,19.95
886,300363,博腾股份,10.42,-3.7,-1,-1,20,0.0,0.0,19.91
1271,600513,联环药业,7.41,-0.54,-1,21,20,0.0,22.08,19.9
932,300440,运达科技,7.48,-1.58,-1,11,20,0.0,8.72,19.87
774,300194,福安药业,3.80,-5.71,-1,11,19,0.0,10.79,19.87
1661,603825,华扬联众,15.70,-6.55,-1,5,20,0.0,8.43,19.85
339,002279,久其软件,9.18,-3.47,-1,5,6,0.0,14.04,19.84
1133,600100,同方股份,11.60,-2.11,2,5,18,-2.11,3.66,19.83
972,300498,温氏股份,39.54,4.08,1,6,6,0.0,19.82,19.82
383,002351,漫步者,6.23,-2.35,-1,21,20,0.0,22.88,19.81
1652,603773,沃格光电,51.51,-2.88,-1,11,19,0.0,11.01,19.79
744,300150,世纪瑞尔,5.33,-5.5,-1,-1,20,0.0,0.0,19.78
1270,600503,华丽家族,4.85,-4.34,-1,5,5,0.0,19.75,19.75
99,000716,黑芝麻,3.52,-7.12,-1,-1,20,0.0,0.0,19.73
582,002740,爱迪尔,6.92,-2.4,-1,5,23,0.0,4.22,19.72
177,000997,新 大 陆,18.40,0.05,6,6,21,4.6,4.6,19.71
1546,603157,拉夏贝尔,9.17,-8.12,-1,-1,16,0.0,0.0,19.71
471,002514,宝馨科技,6.26,-3.1,-1,11,20,0.0,12.39,19.69
695,300067,安诺其,5.96,-0.67,7,21,20,5.3,21.88,19.68
1166,600186,莲花健康,2.19,-9.5,-1,-1,18,0.0,0.0,19.67
894,300371,汇中股份,15.17,-2.13,-1,-1,20,0.0,0.0,19.64
394,002367,康力电梯,8.90,0.0,5,4,11,9.74,-0.22,19.62
151,000921,海信家电,11.40,-3.63,-1,6,6,0.0,19.62,19.62
1159,600170,上海建工,3.72,-6.53,-1,-1,31,0.0,0.0,19.61
517,002599,盛通股份,11.92,0.59,4,15,15,5.11,19.56,19.56
1417,600889,南京化纤,5.69,-5.01,-2,-1,19,-5.01,0.0,19.54
1508,603010,万盛股份,16.12,4.34,6,6,18,10.87,10.87,19.5
1125,600084,中葡股份,3.31,-10.05,-1,-1,16,0.0,0.0,19.49
1296,600580,卧龙电气,8.03,0.0,6,6,21,6.78,6.78,19.49
613,002819,东方中科,25.04,-4.02,-2,-1,15,-4.02,0.0,19.41
1583,603358,华达科技,13.36,-5.92,-1,-1,20,0.0,0.0,19.39
555,002678,珠江钢琴,6.90,-2.82,-1,5,19,0.0,5.34,19.38
121,000835,长城动漫,4.93,-10.04,-1,-1,18,0.0,0.0,19.37
178,001896,豫能控股,3.76,-6.47,-1,-1,19,0.0,0.0,19.37
242,002119,康强电子,11.83,10.05,4,5,5,12.67,19.37,19.37
606,002808,恒久科技,15.66,4.89,5,5,18,9.05,9.05,19.36
1409,600871,*ST油服,2.22,-2.2,4,10,21,7.77,11.0,19.35
1523,603066,音飞储存,8.14,-0.12,4,11,20,2.78,11.05,19.35
979,300509,新美星,12.78,-3.4,-2,-1,18,-3.4,0.0,19.33
115,000813,德展健康,11.05,5.14,7,7,4,30.61,30.61,19.33
1302,600590,泰豪科技,6.80,-2.58,-1,21,19,0.0,23.19,19.3
1151,600149,ST坊展,6.06,-5.02,-1,-1,21,0.0,0.0,19.29
452,002465,海格通信,9.90,-1.79,-2,-1,20,-1.79,0.0,19.28
1184,600223,鲁商置业,3.65,-2.41,-1,-1,22,0.0,0.0,19.28
376,002339,积成电子,8.36,-6.07,-1,-1,21,0.0,0.0,19.26
1001,300550,和仁科技,56.55,-2.53,-1,5,21,0.0,4.37,19.25
160,000939,*ST凯迪,1.24,-2.36,3,3,10,2.48,2.48,19.23
1650,603757,大元泵业,24.24,-0.04,7,5,20,10.33,7.21,19.23
1169,600198,*ST大唐,9.12,-0.22,-2,6,19,-0.22,5.56,19.22
87,000682,东方电子,4.53,-3.0,-1,5,21,0.0,6.59,19.21
379,002344,海宁皮城,5.40,-4.42,-1,-1,19,0.0,0.0,19.21
550,002667,鞍重股份,7.88,-6.52,-1,-1,18,0.0,0.0,19.21
1146,600138,中青旅,15.59,-4.59,-1,-1,21,0.0,0.0,19.19
1204,600266,北京城建,9.75,-6.16,-1,-1,21,0.0,0.0,19.19
381,002347,泰尔股份,4.60,-4.96,-1,-1,19,0.0,0.0,19.17
336,002269,美邦服饰,2.86,-8.92,-1,-1,19,0.0,0.0,19.17
579,002729,好利来,24.68,-4.34,-1,20,18,0.0,24.65,19.17
1230,600359,新农开发,4.92,-3.34,-1,10,18,0.0,7.42,19.13
928,300432,富临精工,6.93,-3.21,-1,5,20,0.0,7.44,19.07
1330,600654,ST中安,2.25,-5.06,-1,11,16,0.0,15.38,19.05
144,000908,景峰医药,5.19,-6.32,-1,-1,19,0.0,0.0,19.04
1441,601028,玉龙股份,5.45,-4.55,-1,-1,16,0.0,0.0,19.0
179,001965,招商公路,9.71,-3.86,5,5,27,7.17,7.17,19.0
867,300335,迪森股份,7.27,-5.58,-1,-1,19,0.0,0.0,18.99
463,002499,科林环保,8.40,-6.46,-1,-1,19,0.0,0.0,18.98
828,300277,海联讯,7.40,-3.27,-1,5,20,0.0,7.56,18.97
1484,601777,力帆股份,4.77,-5.54,-1,-1,19,0.0,0.0,18.95
707,300086,康芝药业,6.53,-3.69,-1,21,19,0.0,22.98,18.94
191,002022,科华生物,11.19,-3.95,-1,-1,19,0.0,0.0,18.92
122,000836,富通鑫茂,4.84,-2.81,-1,5,20,0.0,5.91,18.92
1588,603386,广东骏亚,18.80,-1.05,7,11,18,8.61,16.55,18.91
616,002824,和胜股份,10.69,-4.55,-1,-1,19,0.0,0.0,18.91
25,000153,丰原药业,6.54,-4.94,-1,-1,19,0.0,0.0,18.91
348,002293,罗莱生活,10.90,-4.05,-1,-1,21,0.0,0.0,18.87
461,002489,浙江永强,3.34,-4.3,-1,5,18,0.0,5.7,18.86
1388,600821,津劝业,4.92,-2.96,-1,11,16,0.0,15.22,18.84
758,300174,元力股份,13.20,-5.98,-1,-1,19,0.0,0.0,18.81
318,002237,恒邦股份,9.80,-4.95,-1,-1,17,0.0,0.0,18.79
18,000062,深圳华强,20.62,-1.43,-3,-1,21,-1.9,0.0,18.78
1198,600257,大湖股份,5.38,-4.1,-1,-1,19,0.0,0.0,18.76
491,002551,尚荣医疗,5.83,-5.51,-1,-1,19,0.0,0.0,18.74
1386,600818,中路股份,12.36,-5.0,-1,-1,18,0.0,0.0,18.73
658,300006,莱美药业,4.50,-5.46,-1,-1,20,0.0,0.0,18.73
628,002861,瀛通通讯,23.46,3.81,6,5,20,9.78,9.12,18.72
483,002537,海联金汇,12.44,2.81,6,6,11,11.47,11.47,18.7
1282,600550,保变电气,4.70,-1.26,-1,20,18,0.0,21.13,18.69
1573,603299,井神股份,6.55,-5.07,-1,-1,21,0.0,0.0,18.66
1424,600933,爱柯迪,9.37,-5.64,-1,-1,20,0.0,0.0,18.61
574,002723,金莱特,10.26,-5.44,-1,11,18,0.0,12.87,18.61
1210,600284,浦东建设,6.25,-8.76,-1,-1,19,0.0,0.0,18.6
1354,600726,华电能源,2.55,-7.61,-1,-1,16,0.0,0.0,18.6
237,002112,三变科技,7.72,-7.32,-2,-1,10,-7.32,0.0,18.59
1586,603380,易德龙,17.74,-3.59,6,5,19,9.85,8.44,18.58
264,002154,报 喜 鸟,3.83,-6.81,-1,-1,20,0.0,0.0,18.58
1123,600076,康欣新材,4.98,-4.78,-1,-1,20,0.0,0.0,18.57
1138,600116,三峡水利,9.96,-1.87,-2,-1,10,-1.87,0.0,18.57
604,002805,丰元股份,16.80,-4.05,-1,-1,18,0.0,0.0,18.56
1688,603955,大千生态,16.74,-5.85,-1,-1,19,0.0,0.0,18.47
1549,603166,福达股份,6.35,-6.34,-1,-1,20,0.0,0.0,18.47
1429,600971,恒源煤电,7.00,-6.04,-1,-1,21,0.0,0.0,18.44
1093,300729,乐歌股份,25.89,-1.03,4,15,19,2.53,14.61,18.44
1442,601038,一拖股份,5.28,-4.35,-1,-1,17,0.0,0.0,18.39
1100,300739,明阳电路,24.41,-0.45,5,5,19,5.67,5.67,18.38
1371,600758,红阳能源,4.06,-6.67,-1,-1,20,0.0,0.0,18.37
434,002430,杭氧股份,11.86,-4.28,-1,11,21,0.0,7.33,18.36
1413,600879,航天电子,6.85,-2.14,-1,-1,21,0.0,0.0,18.31
411,002393,力生制药,26.44,-2.62,-1,-1,21,0.0,0.0,18.3
792,300218,安利股份,7.76,-3.0,-1,11,19,0.0,12.14,18.29
1286,600562,国睿科技,16.62,0.97,5,4,19,6.27,2.28,18.29
392,002364,中恒电气,11.14,-3.8,-1,-1,20,0.0,0.0,18.26
662,300011,鼎汉技术,7.13,-5.19,-1,-1,17,0.0,0.0,18.24
2,000010,美丽生态,3.76,-8.52,-1,-1,19,0.0,0.0,18.24
541,002651,利君股份,5.45,-9.47,-1,-1,18,0.0,0.0,18.22
129,000863,三湘印象,4.74,-0.63,5,22,22,3.95,18.2,18.2
1225,600353,旭光股份,5.52,-2.99,-1,-1,20,0.0,0.0,18.2
512,002588,史丹利,5.00,-1.96,-1,11,19,0.0,9.89,18.2
675,300039,上海凯宝,4.75,-5.38,-1,-1,20,0.0,0.0,18.16
458,002482,广田集团,6.18,1.81,6,15,21,5.28,12.16,18.16
1416,600883,博闻科技,7.55,0.4,7,20,19,7.86,20.61,18.15
1527,603078,江化微,33.28,2.94,4,11,18,3.64,15.68,18.14
1108,600018,上港集团,6.32,-1.86,-1,11,26,0.0,11.27,18.13
1091,300723,一品红,33.90,-2.47,-1,-1,21,0.0,0.0,18.12
599,002782,可立克,14.89,-1.19,6,5,18,11.7,10.3,18.08
1239,600381,青海春天,6.86,-5.38,-1,-1,19,0.0,0.0,18.07
1229,600358,国旅联合,4.38,-6.41,-1,-1,20,0.0,0.0,18.06
603,002801,微光股份,25.70,1.06,4,5,21,4.77,7.76,18.0
694,300066,三川智慧,5.31,9.94,7,5,5,18.53,18.0,18.0
485,002542,中化岩土,4.99,-2.92,-1,-1,20,0.0,0.0,17.97
1098,300737,科顺股份,9.78,-1.31,7,20,18,7.71,20.89,17.97
1231,600360,华微电子,7.36,7.76,5,5,5,17.95,17.95,17.95
1437,601008,连云港,3.75,-8.31,-1,-1,21,0.0,0.0,17.92
1620,603619,中曼石油,17.05,-7.34,-1,-1,18,0.0,0.0,17.91
1389,600822,上海物贸,10.28,-1.72,-1,20,19,0.0,19.95,17.89
334,002266,浙富控股,4.95,0.0,6,11,11,9.76,17.86,17.86
657,300005,探路者,4.03,-4.95,-1,-1,20,0.0,0.0,17.84
239,002116,中国海诚,9.82,-3.73,-1,-1,15,0.0,0.0,17.75
72,000608,阳光股份,5.97,-2.29,-1,21,20,0.0,19.4,17.75
1336,600675,中华企业,6.24,-3.55,-1,-1,25,0.0,0.0,17.74
1578,603316,诚邦股份,8.70,-3.87,-1,5,19,0.0,5.58,17.73
641,002910,庄园牧场,13.61,-3.75,-1,10,18,0.0,7.25,17.73
1167,600189,吉林森工,4.66,-4.7,-1,-1,20,0.0,0.0,17.68
1234,600370,三房巷,3.40,-1.73,-1,21,20,0.0,18.88,17.65
540,002650,加加食品,4.00,-4.31,-1,5,18,0.0,3.63,17.65
1614,603588,高能环境,10.00,-3.66,-2,-1,21,-3.66,0.0,17.65
1090,300720,海川智能,28.10,-5.74,-1,-1,18,0.0,0.0,17.57
1060,300658,延江股份,13.52,-5.12,-1,20,19,0.0,20.07,17.57
1675,603889,新澳股份,10.59,-5.78,-1,-1,20,0.0,0.0,17.54
1570,603286,日盈电子,16.17,-2.59,-1,20,19,0.0,18.9,17.51
1607,603556,海兴电力,16.12,-3.76,-1,-1,20,0.0,0.0,17.49
291,002199,东晶电子,10.82,-2.52,-1,5,20,0.0,1.03,17.48
1043,300625,三雄极光,16.62,-0.12,4,11,20,2.78,9.78,17.46
1118,600070,浙江富润,8.01,-5.88,-1,-1,11,0.0,0.0,17.45
1192,600242,中昌数据,14.34,-1.98,-1,7,7,0.0,17.44,17.44
964,300485,赛升药业,11.74,-3.45,-1,-1,20,0.0,0.0,17.4
558,002682,龙洲股份,5.20,-8.13,-1,-1,20,0.0,0.0,17.38
1110,600022,山东钢铁,1.96,-7.98,-1,-1,20,0.0,0.0,17.37
57,000561,烽火电子,7.10,-2.74,-1,-1,20,0.0,0.0,17.36
723,300110,华仁药业,3.72,-7.92,-1,-1,19,0.0,0.0,17.35
494,002559,亚威股份,8.27,-0.48,6,5,20,6.03,5.08,17.3
1122,600074,*ST保千,1.29,-3.73,-1,3,20,0.0,0.78,17.27
1512,603018,中设集团,20.83,-2.94,-1,10,10,0.0,17.22,17.22
538,002645,华宏科技,8.65,-5.77,-1,-1,19,0.0,0.0,17.21
1686,603933,睿能科技,20.71,-2.72,-1,5,19,0.0,4.54,17.2
1104,300747,锐科激光,171.73,4.27,5,5,5,17.17,17.17,17.17
531,002632,道明光学,8.74,-4.69,-1,-1,20,0.0,0.0,17.16
1383,600800,天津磁卡,6.56,-7.99,-1,-1,19,0.0,0.0,17.14
1626,603638,艾迪精密,28.30,-0.35,-2,-1,19,-0.35,0.0,17.14
107,000788,北大医药,6.22,-5.04,-1,-1,20,0.0,0.0,17.14
1477,601599,鹿港文化,3.76,-5.29,-1,-1,21,0.0,0.0,17.13
470,002513,蓝丰生化,6.02,-6.08,-1,-1,18,0.0,0.0,17.12
38,000428,华天酒店,3.08,-5.52,-1,-1,20,0.0,0.0,17.11
1294,600576,祥源文化,4.86,-5.08,-1,-1,19,0.0,0.0,17.11
1176,600209,*ST罗顿,4.25,-2.52,-1,7,18,0.0,7.87,17.08
466,002504,弘高创意,4.12,-6.15,-1,-1,17,0.0,0.0,17.05
154,000929,兰州黄河,7.42,-5.48,-1,-1,19,0.0,0.0,17.03
1655,603788,宁波高发,16.92,-2.37,-1,-1,20,0.0,0.0,16.93
1503,603002,宏昌电子,4.29,-4.45,-1,-1,19,0.0,0.0,16.89
1432,600980,北矿科技,11.97,-4.92,-1,-1,20,0.0,0.0,16.89
983,300515,三德科技,10.18,-2.12,-1,-1,20,0.0,0.0,16.88
626,002858,力盛赛车,16.76,-4.23,-1,-1,20,0.0,0.0,16.88
820,300267,尔康制药,4.09,-7.26,-1,-1,18,0.0,0.0,16.86
1575,603309,维力医疗,11.79,-7.17,-1,-1,19,0.0,0.0,16.85
720,300106,西部牧业,6.45,-4.3,-1,-1,20,0.0,0.0,16.85
1398,600843,上工申贝,8.19,-4.77,-1,-1,19,0.0,0.0,16.83
789,300213,佳讯飞鸿,8.55,-5.11,-1,5,11,0.0,11.47,16.8
32,000404,长虹华意,4.73,-5.59,-1,-1,19,0.0,0.0,16.79
1096,300735,光弘科技,23.33,0.95,7,6,11,13.25,11.84,16.77
670,300029,天龙光电,5.50,-5.5,-1,-1,19,0.0,0.0,16.77
801,300230,永利股份,5.85,-1.85,-1,11,20,0.0,9.96,16.77
578,002727,一心堂,24.17,-2.54,-3,-2,18,-3.78,-2.54,16.76
1335,600667,太极实业,7.46,10.03,5,5,5,16.74,16.74,16.74
130,000875,吉电股份,2.93,-7.57,-1,-1,20,0.0,0.0,16.73
617,002829,星网宇达,20.04,-4.02,-1,-1,18,0.0,0.0,16.72
1427,600961,株冶集团,9.43,3.97,2,2,19,3.97,3.97,16.71
1007,300560,中富通,21.47,-2.36,-1,5,20,0.0,3.97,16.68
1316,600615,丰华股份,12.52,-2.87,-1,10,10,0.0,16.68,16.68
1209,600278,东方创业,9.80,-5.04,-1,-1,19,0.0,0.0,16.67
1538,603117,万林物流,4.27,-5.95,-1,-1,20,0.0,0.0,16.67
1298,600586,金晶科技,3.50,-5.15,-1,-1,20,0.0,0.0,16.67
1157,600168,武汉控股,7.01,-7.76,-1,11,20,0.0,11.09,16.64
752,300165,天瑞仪器,4.92,-5.02,-1,-1,19,0.0,0.0,16.59
1240,600386,北巴传媒,4.79,-8.06,-1,-1,15,0.0,0.0,16.55
1165,600184,光电股份,11.55,-4.7,-1,-1,20,0.0,0.0,16.55
1047,300631,久吾高科,17.42,-2.74,-1,-1,19,0.0,0.0,16.52
1669,603871,嘉友国际,44.88,2.35,6,11,11,13.3,16.51,16.51
1504,603003,龙宇燃油,8.33,-7.55,-1,-1,19,0.0,0.0,16.5
705,300084,海默科技,6.22,-2.35,-1,-1,20,0.0,0.0,16.48
908,300396,迪瑞医疗,15.42,-4.46,-1,-1,22,0.0,0.0,16.47
879,300354,东华测试,10.19,-5.47,-1,-1,18,0.0,0.0,16.46
1683,603920,世运电路,13.60,-1.73,-1,5,19,0.0,3.26,16.44
143,000903,云内动力,3.05,-5.57,-1,-1,20,0.0,0.0,16.41
111,000803,金宇车城,13.86,-4.48,-1,-1,18,0.0,0.0,16.37
804,300234,开尔新材,6.90,-1.85,-1,5,20,0.0,5.02,16.36
1643,603722,阿科力,25.51,-0.35,4,4,18,4.72,4.72,16.32
328,002255,海陆重工,4.28,-6.35,-1,-1,17,0.0,0.0,16.3
329,002259,ST升达,2.50,-4.94,-1,8,20,0.0,8.23,16.28
153,000925,众合科技,8.01,2.43,6,5,15,9.88,9.88,16.26
763,300179,四方达,4.65,-5.1,-1,-1,20,0.0,0.0,16.25
586,002749,国光股份,21.26,-4.66,-2,-1,20,-4.66,0.0,16.24
814,300254,仟源医药,7.80,-5.22,-1,-1,19,0.0,0.0,16.24
138,000892,欢瑞世纪,5.30,-7.5,-1,-1,18,0.0,0.0,16.23
1067,300671,富满电子,22.35,1.22,5,5,5,16.22,16.22,16.22
1237,600379,宝光股份,7.75,-5.83,-1,-1,19,0.0,0.0,16.19
1196,600251,冠农股份,5.74,-3.2,-1,-1,20,0.0,0.0,16.19
1243,600396,金山股份,2.37,-9.54,-1,-1,16,0.0,0.0,16.18
1318,600620,天宸股份,6.68,-5.38,-1,-1,24,0.0,0.0,16.17
1373,600767,ST运盛,5.32,-5.0,-1,-1,19,0.0,0.0,16.16
888,300365,恒华科技,26.46,-1.67,5,5,10,8.13,8.13,16.15
1393,600829,人民同泰,6.84,-4.74,-1,-1,19,0.0,0.0,16.13
1559,603203,快克股份,25.60,-3.21,-1,-1,21,0.0,0.0,16.1
990,300531,优博讯,18.75,-5.78,-1,-1,20,0.0,0.0,16.1
963,300481,濮阳惠成,20.50,1.99,6,5,4,24.39,24.39,16.08
1390,600824,益民集团,3.97,-6.15,-1,-1,19,0.0,0.0,16.08
1182,600221,海航控股,2.24,-8.94,-1,-1,19,0.0,0.0,16.06
1537,603116,红蜻蜓,8.53,-4.48,-1,-1,20,0.0,0.0,16.05
1369,600755,厦门国贸,8.17,-8.2,-1,-1,21,0.0,0.0,16.05
98,000715,中兴商业,7.82,9.99,6,6,10,16.72,16.72,16.02
1289,600567,山鹰纸业,3.84,-5.88,-1,-1,21,0.0,0.0,16.01
492,002553,南方轴承,6.52,-4.68,-1,15,20,0.0,12.61,16.01
689,300056,三维丝,6.09,-6.45,-1,-1,19,0.0,0.0,16.0
708,300087,荃银高科,7.98,-7.96,-1,-1,20,0.0,0.0,15.99
861,300329,海伦钢琴,8.56,-5.83,-1,-1,20,0.0,0.0,15.99
939,300448,浩云科技,12.77,1.75,1,5,11,0.0,7.49,15.99
1097,300736,百邦科技,21.70,-4.91,-1,-1,17,0.0,0.0,15.98
1521,603042,华脉科技,14.98,-5.9,-1,-1,18,0.0,0.0,15.94
435,002433,太安堂,5.75,-6.2,-1,-1,19,0.0,0.0,15.93
621,002843,泰嘉股份,14.05,-4.75,-1,20,19,0.0,17.57,15.92
934,300442,普丽盛,14.67,-5.23,-1,-1,18,0.0,0.0,15.88
634,002881,美格智能,20.40,-6.42,-1,-1,18,0.0,0.0,15.84
1284,600555,海航创新,3.23,-6.92,-1,-1,17,0.0,0.0,15.77
338,002277,友阿股份,4.04,-4.94,-1,-1,20,0.0,0.0,15.76
1079,300689,澄天伟业,35.25,-8.06,-1,-1,20,0.0,0.0,15.76
200,002043,兔 宝 宝,6.18,-7.07,-1,-1,20,0.0,0.0,15.73
1262,600468,百利电气,6.26,-6.57,-1,-1,15,0.0,0.0,15.71
1168,600193,*ST创兴,3.98,-5.01,-1,-1,19,0.0,0.0,15.7
132,000877,天山股份,10.04,-6.86,-1,-1,10,0.0,0.0,15.67
1653,603778,乾景园林,4.95,-7.3,-1,-1,19,0.0,0.0,15.65
198,002041,登海种业,6.36,-5.07,-1,-1,18,0.0,0.0,15.64
298,002211,宏达新材,5.55,-3.81,-1,-1,19,0.0,0.0,15.63
1522,603063,禾望电气,10.36,-4.52,-1,-1,7,0.0,0.0,15.62
528,002625,光启技术,11.93,3.38,1,1,18,0.0,0.0,15.6
1381,600794,保税科技,3.19,-6.45,-1,-1,20,0.0,0.0,15.58
779,300200,高盟新材,8.53,-3.51,-1,-1,18,0.0,0.0,15.58
1591,603421,鼎信通讯,28.14,5.47,2,5,5,5.47,15.56,15.56
1630,603657,春光科技,34.01,-2.94,-1,10,19,0.0,9.15,15.56
1681,603908,牧高笛,25.57,-2.4,-1,20,18,0.0,17.4,15.54
1326,600648,外高桥,15.88,-3.47,-2,-1,21,-3.47,0.0,15.49
42,000514,渝 开 发,4.33,-6.48,-1,-1,19,0.0,0.0,15.47
1689,603960,克来机电,31.17,-3.08,-1,-1,20,0.0,0.0,15.44
128,000862,银星能源,8.53,-4.59,-1,5,4,0.0,23.09,15.43
1265,600480,凌云股份,9.43,-5.42,-1,-1,20,0.0,0.0,15.42
1299,600587,新华医疗,14.45,-2.36,-1,-1,19,0.0,0.0,15.42
235,002105,信隆健康,4.72,-5.03,-1,-1,19,0.0,0.0,15.4
1554,603188,亚邦股份,8.85,-3.38,-1,-1,19,0.0,0.0,15.38
1087,300713,英可瑞,22.31,-6.1,-1,-1,16,0.0,0.0,15.36
363,002320,海峡股份,15.85,-1.43,5,21,20,2.39,16.72,15.36
1194,600246,万通地产,4.13,-3.73,-1,-1,23,0.0,0.0,15.36
607,002809,红墙股份,17.60,-4.35,-1,-1,19,0.0,0.0,15.26
1105,300748,金力永磁,28.29,-9.99,-1,-1,17,0.0,0.0,15.23
1619,603607,京华激光,20.00,-6.63,-1,-1,19,0.0,0.0,15.21
380,002345,潮宏基,5.08,-6.45,-1,-1,18,0.0,0.0,15.19
1311,600605,汇通能源,11.15,-6.85,-1,-1,20,0.0,0.0,15.19
965,300486,东杰智能,15.50,-5.14,-1,5,19,0.0,4.03,15.16
275,002174,游族网络,22.05,1.47,4,10,10,8.09,15.14,15.14
1602,603519,立霸股份,9.81,-2.19,-1,10,20,0.0,8.4,15.14
95,000705,浙江震元,7.09,-3.8,-1,-1,20,0.0,0.0,15.1
1186,600229,城市传媒,8.08,-4.04,-1,-1,20,0.0,0.0,15.1
1345,600704,物产中大,5.65,-7.07,-1,-1,20,0.0,0.0,15.07
1022,300591,万里马,6.50,-3.85,-1,21,20,0.0,17.33,15.04
308,002222,福晶科技,14.18,2.98,5,4,5,15.0,8.83,15.0
640,002906,华阳集团,11.13,-4.63,-1,-1,18,0.0,0.0,14.98
1519,603038,华立股份,19.43,-4.05,-1,20,19,0.0,16.14,14.97
1039,300620,光库科技,42.80,-2.42,-1,5,20,0.0,3.41,14.9
930,300437,清水源,16.20,-3.74,-3,-1,11,-4.54,0.0,14.89
410,002392,北京利尔,3.86,-5.85,-1,-1,20,0.0,0.0,14.88
1443,601058,赛轮轮胎,2.78,-7.33,-1,-1,20,0.0,0.0,14.88
499,002566,益盛药业,6.80,-5.42,-1,-1,19,0.0,0.0,14.86
622,002847,盐津铺子,24.83,-3.83,-1,-1,18,0.0,0.0,14.85
824,300271,华宇软件,19.67,-4.98,-1,-1,11,0.0,0.0,14.83
1135,600108,亚盛集团,3.18,-5.64,-1,-1,20,0.0,0.0,14.8
222,002082,万邦德,8.92,-5.81,-1,-1,18,0.0,0.0,14.8
921,300417,南华仪器,17.00,-4.82,-1,-1,19,0.0,0.0,14.79
1402,600853,龙建股份,4.27,-2.29,-1,5,20,0.0,2.15,14.78
402,002379,宏创控股,3.65,-7.59,-1,-1,20,0.0,0.0,14.78
1337,600680,*ST上普,7.69,4.34,2,1,10,4.34,0.0,14.78
1560,603208,江山欧派,30.96,-5.32,-1,-1,19,0.0,0.0,14.75
1082,300696,爱乐达,24.74,-4.81,-1,-1,18,0.0,0.0,14.75
1502,603001,奥康国际,11.60,-2.11,-1,21,20,0.0,16.12,14.74
1531,603088,宁波精达,13.40,-3.94,-1,-1,19,0.0,0.0,14.73
389,002361,神剑股份,4.44,-4.52,-1,-1,19,0.0,0.0,14.73
858,300324,旋极信息,8.20,-0.12,6,5,6,14.69,12.02,14.69
914,300403,汉宇集团,5.86,-5.18,-1,-1,20,0.0,0.0,14.68
740,300142,沃森生物,21.65,-3.78,-2,-1,21,-3.78,0.0,14.67
916,300405,科隆股份,8.60,-5.6,-1,-1,18,0.0,0.0,14.67
868,300336,新文化,5.41,-6.56,-1,-1,15,0.0,0.0,14.62
163,000953,ST河化,4.08,-4.9,-1,-1,19,0.0,0.0,14.61
897,300376,易事特,5.73,-5.6,-1,-1,11,0.0,0.0,14.6
426,002416,爱施德,6.36,-5.92,-1,-1,15,0.0,0.0,14.59
54,000558,莱茵体育,3.55,-7.31,-1,-1,18,0.0,0.0,14.52
1609,603559,中通国脉,25.55,-0.51,5,5,18,6.73,6.73,14.52
1251,600423,*ST柳化,3.79,-5.01,-1,-1,16,0.0,0.0,14.5
393,002365,永安药业,12.09,-5.69,-1,-1,20,0.0,0.0,14.49
1458,601199,江南水务,4.19,-2.78,-1,-1,19,0.0,0.0,14.48
1272,600517,置信电气,4.43,-6.34,-1,-1,20,0.0,0.0,14.47
1285,600561,江西长运,6.41,-4.47,-1,-1,19,0.0,0.0,14.46
33,000407,胜利股份,4.44,-8.07,-1,-1,20,0.0,0.0,14.43
1257,600455,博通股份,24.75,-4.4,-1,-1,19,0.0,0.0,14.42
1215,600295,鄂尔多斯,8.90,-6.12,-1,-1,20,0.0,0.0,14.4
1317,600616,金枫酒业,5.56,-4.79,-1,-1,18,0.0,0.0,14.4
1666,603856,东宏股份,12.40,-6.06,-1,-1,20,0.0,0.0,14.39
1089,300719,安达维尔,11.70,-5.03,-1,-1,18,0.0,0.0,14.37
1667,603860,中公高科,27.00,-0.99,-1,21,19,0.0,15.78,14.36
1052,300640,德艺文创,11.00,-4.51,-1,-1,19,0.0,0.0,14.35
510,002586,围海股份,5.42,-4.58,-1,-1,19,0.0,0.0,14.35
1545,603139,康惠制药,17.38,-4.82,-1,-1,19,0.0,0.0,14.34
791,300217,东方电热,3.03,-5.31,-1,-1,20,0.0,0.0,14.34
977,300507,苏奥传感,19.55,-4.63,-1,-1,19,0.0,0.0,14.33
439,002439,启明星辰,29.49,0.82,7,5,7,14.3,11.41,14.3
615,002823,凯中精密,11.75,-2.57,-1,-1,19,0.0,0.0,14.3
199,002042,华孚时尚,6.88,0.44,9,11,11,8.01,14.29,14.29
1634,603669,灵康药业,12.00,-3.46,-1,-1,20,0.0,0.0,14.29
618,002835,同为股份,8.48,-4.72,-2,-1,19,-4.72,0.0,14.29
1428,600966,博汇纸业,3.52,-5.88,-1,-1,18,0.0,0.0,14.29
322,002242,九阳股份,19.76,3.84,1,11,10,0.0,17.9,14.29
1083,300701,森霸传感,35.93,-5.6,-1,-1,19,0.0,0.0,14.28
837,300292,吴通控股,4.49,-7.04,-1,-1,16,0.0,0.0,14.25
1421,600903,贵州燃气,23.02,-6.99,-1,6,17,0.0,5.35,14.24
1313,600611,大众交通,4.66,-7.91,-1,-1,20,0.0,0.0,14.22
1132,600099,林海股份,6.67,-4.85,-1,-1,19,0.0,0.0,14.21
1456,601163,三角轮胎,12.96,-4.71,-1,-1,20,0.0,0.0,14.19
1662,603828,柯利达,10.22,-3.86,-2,-1,10,-3.86,0.0,14.19
1404,600858,银座股份,5.88,-2.49,-1,15,15,0.0,14.17,14.17
1450,601118,海南橡胶,5.42,-1.99,-1,-1,19,0.0,0.0,14.11
1131,600096,云天化,6.58,-3.52,-1,-1,20,0.0,0.0,14.04
1349,600713,南京医药,4.88,-5.24,-1,-1,20,0.0,0.0,14.02
447,002452,长高集团,4.24,-5.99,-1,-1,19,0.0,0.0,13.98
561,002689,远大智能,5.95,-9.98,-1,4,5,0.0,8.97,13.98
1563,603227,雪峰科技,4.49,-5.47,-1,-1,20,0.0,0.0,13.96
1487,601798,*ST蓝科,5.82,-5.06,-1,-1,16,0.0,0.0,13.89
882,300358,楚天科技,8.70,-6.15,-1,-1,19,0.0,0.0,13.87
269,002164,宁波东力,4.19,-10.09,-1,5,5,0.0,13.86,13.86
299,002212,南洋股份,15.78,-1.56,3,2,21,3.48,-1.56,13.85
135,000886,海南高速,4.53,-5.03,-1,-1,21,0.0,0.0,13.82
125,000848,承德露露,9.07,1.11,6,4,20,3.78,3.07,13.8
425,002414,高德红外,26.24,-0.57,-2,-2,20,-0.57,-0.57,13.79
1008,300563,神宇股份,27.43,-5.09,-1,-1,20,0.0,0.0,13.77
1201,600261,阳光照明,3.72,-4.62,-1,-1,19,0.0,0.0,13.76
642,002912,中新赛克,110.00,-2.45,-1,-1,11,0.0,0.0,13.75
13,000043,中航善达,8.69,-3.44,-1,10,20,0.0,5.59,13.74
544,002655,共达电声,8.28,3.11,5,5,5,13.74,13.74,13.74
1009,300565,科信技术,15.13,-3.69,-1,-1,18,0.0,0.0,13.67
609,002812,恩捷股份,62.05,-0.08,2,12,10,-0.08,21.07,13.64
699,300076,GQY视讯,5.84,-5.35,-1,5,5,0.0,13.62,13.62
1024,300595,欧普康视,47.74,0.93,1,-3,10,0.0,-0.35,13.61
532,002633,申科股份,8.94,-5.8,-1,-1,18,0.0,0.0,13.6
1223,600345,长江通信,24.59,0.33,3,1,16,0.04,0.0,13.58
1055,300650,太龙照明,15.57,-4.13,-1,-1,19,0.0,0.0,13.57
612,002816,和科达,19.25,-2.23,-1,10,18,0.0,8.63,13.57
1114,600057,厦门象屿,4.86,-4.33,-1,-1,20,0.0,0.0,13.55
933,300441,鲍斯股份,7.80,-4.41,-1,-1,18,0.0,0.0,13.54
1030,300604,长川科技,39.05,3.69,5,4,5,13.52,3.2,13.52
444,002448,中原内配,6.39,-4.05,-1,-1,20,0.0,0.0,13.5
1639,603693,江苏新能,16.56,-4.77,-1,5,20,0.0,4.94,13.5
669,300026,红日药业,3.46,-4.68,-1,-1,20,0.0,0.0,13.44
1576,603311,金海环境,11.59,-5.93,-1,-1,20,0.0,0.0,13.41
73,000613,大东海A,7.37,-2.51,-1,-1,15,0.0,0.0,13.38
1691,603979,金诚信,8.82,-4.03,-1,-1,20,0.0,0.0,13.37
1679,603897,长城科技,25.26,-7.81,-1,-1,18,0.0,0.0,13.32
1572,603297,永新光学,51.11,-6.17,-1,-1,21,0.0,0.0,13.3
1342,600693,东百集团,5.98,1.18,10,10,21,8.33,8.33,13.26
1375,600774,汉商集团,13.33,-4.79,-1,-1,15,0.0,0.0,13.25
542,002653,海思科,11.55,-3.83,-1,-1,20,0.0,0.0,13.24
1304,600593,大连圣亚,30.98,0.52,2,11,15,0.52,10.88,13.23
975,300505,川金诺,24.84,-3.23,-1,-1,19,0.0,0.0,13.17
382,002350,北京科锐,7.22,-2.7,-1,-1,20,0.0,0.0,13.17
11,000038,深大通,14.26,-6.0,-1,-1,23,0.0,0.0,13.17
923,300421,力星股份,14.37,-1.91,-1,11,20,0.0,7.88,13.15
1597,603499,翔港科技,26.23,-3.95,-1,5,5,0.0,13.11,13.11
251,002136,安 纳 达,9.00,-5.06,-1,-1,18,0.0,0.0,13.07
1644,603727,博迈科,14.10,-3.09,-1,-1,18,0.0,0.0,13.07
570,002711,欧浦智网,4.76,-3.25,5,4,4,20.51,13.06,13.06
843,300301,长方集团,4.08,-4.0,-1,-1,20,0.0,0.0,13.02
1211,600285,羚锐制药,8.42,-0.94,-1,5,20,0.0,1.45,13.02
1355,600727,鲁北化工,6.53,-3.55,-1,-1,19,0.0,0.0,12.98
562,002690,美亚光电,26.64,1.56,7,7,7,12.98,12.98,12.98
1141,600127,金健米业,3.40,-7.1,-1,-1,19,0.0,0.0,12.96
1103,300742,越博动力,45.27,-3.54,-1,5,18,0.0,4.19,12.92
567,002706,良信电器,6.47,-3.29,-1,-1,20,0.0,0.0,12.91
17,000050,深天马Ａ,19.61,3.76,6,5,4,21.2,20.97,12.9
1213,600289,*ST信通,2.80,-5.08,-1,-1,19,0.0,0.0,12.9
69,000599,青岛双星,4.30,-4.87,-1,-1,20,0.0,0.0,12.86
1693,603987,康德莱,7.12,-6.32,-1,-1,20,0.0,0.0,12.84
1577,603315,福鞍股份,14.51,-5.47,-1,5,6,0.0,2.54,12.83
1074,300682,朗新科技,19.70,-4.37,-1,-1,10,0.0,0.0,12.83
1684,603926,铁流股份,16.20,-7.16,-1,-1,20,0.0,0.0,12.81
636,002884,凌霄泵业,24.48,-4.75,-1,-1,20,0.0,0.0,12.81
1011,300567,精测电子,70.51,-2.58,-2,-1,11,-2.58,0.0,12.76
149,000919,金陵药业,7.25,-3.46,-1,-1,20,0.0,0.0,12.75
1307,600597,光明乳业,9.65,-3.02,-1,-1,20,0.0,0.0,12.73
91,000695,滨海能源,11.10,-4.56,-2,-1,21,-4.56,0.0,12.69
1295,600578,京能电力,3.29,-4.36,-1,-1,20,0.0,0.0,12.67
1073,300680,隆盛科技,18.60,-4.17,-1,-1,18,0.0,0.0,12.66
7,000028,国药一致,49.98,4.12,1,7,10,0.0,13.13,12.64
35,000409,*ST地矿,4.99,-4.95,-1,-1,16,0.0,0.0,12.64
232,002100,天康生物,8.21,10.05,5,5,5,12.62,12.62,12.62
633,002879,长缆科技,15.54,-5.7,-1,-1,20,0.0,0.0,12.61
1665,603839,安正时尚,11.70,-5.34,-1,-1,20,0.0,0.0,12.61
1040,300621,维业股份,10.73,-0.92,-1,5,19,0.0,3.17,12.59
186,002015,霞客环保,5.32,-4.66,-1,-1,18,0.0,0.0,12.47
1664,603838,四通股份,9.38,-8.58,-1,-1,19,0.0,0.0,12.47
566,002702,海欣食品,4.70,-6.75,-1,-1,19,0.0,0.0,12.44
1651,603767,中马传动,7.61,-6.17,-1,-1,19,0.0,0.0,12.41
484,002541,鸿路钢构,8.18,-4.1,-1,-1,20,0.0,0.0,12.36
1697,603991,至正股份,20.40,-4.27,-1,-1,19,0.0,0.0,12.33
1677,603895,天永智能,25.84,-7.94,-1,-1,16,0.0,0.0,12.3
1353,600725,ST云维,2.74,-4.86,-1,-1,19,0.0,0.0,12.3
89,000690,宝新能源,7.49,-2.85,-1,-1,21,0.0,0.0,12.29
832,300286,安科瑞,9.99,-4.03,-1,-1,21,0.0,0.0,12.25
256,002144,宏达高科,11.37,-4.29,-1,-1,20,0.0,0.0,12.24
1524,603067,振华股份,9.09,-3.61,-1,-1,20,0.0,0.0,12.22
1364,600746,江苏索普,6.90,-5.99,-1,-1,20,0.0,0.0,12.2
307,002221,东华能源,9.01,-3.74,-1,-1,21,0.0,0.0,12.2
1274,600523,贵航股份,10.87,-1.72,-1,-1,20,0.0,0.0,12.18
1321,600634,*ST富控,2.95,-5.14,-1,-1,17,0.0,0.0,12.17
302,002215,诺 普 信,6.55,-3.53,-1,5,17,0.0,3.8,12.16
1267,600493,凤竹纺织,6.56,-3.67,-1,-1,18,0.0,0.0,12.14
507,002580,圣阳股份,6.07,-4.86,-1,-1,19,0.0,0.0,11.99
74,000620,新华联,4.60,-5.15,-1,-1,20,0.0,0.0,11.92
220,002079,苏州固锝,7.70,6.35,1,5,5,0.0,11.92,11.92
1332,600661,昂立教育,22.03,-3.16,-1,-1,19,0.0,0.0,11.88
43,000520,长航凤凰,3.49,-4.12,-1,-1,16,0.0,0.0,11.86
388,002360,同德化工,6.04,-4.13,-1,-1,20,0.0,0.0,11.85
529,002627,宜昌交运,7.37,-5.39,-1,-1,17,0.0,0.0,11.84
1245,600400,红豆股份,4.16,-3.48,-1,-1,21,0.0,0.0,11.83
649,002937,兴瑞科技,32.70,-7.5,-1,4,6,0.0,6.86,11.79
224,002084,海鸥住工,4.94,-5.18,-1,-1,20,0.0,0.0,11.76
1379,600778,*ST友好,5.23,-4.91,-1,-1,18,0.0,0.0,11.75
50,000541,佛山照明,6.02,-4.14,-1,-1,20,0.0,0.0,11.69
45,000525,红 太 阳,15.30,-4.32,-1,-1,19,0.0,0.0,11.68
250,002135,东南网架,5.65,-5.83,-1,-1,20,0.0,0.0,11.66
536,002641,永高股份,3.84,-4.71,-1,-1,20,0.0,0.0,11.63
1637,603685,晨丰科技,15.82,-5.95,-1,-1,19,0.0,0.0,11.57
1585,603369,今世缘,21.40,-0.23,-2,-2,10,-0.23,-0.23,11.52
1579,603318,派思股份,14.16,-0.14,4,4,11,3.89,3.89,11.5
34,000408,藏格控股,12.42,-1.9,-1,6,20,0.0,3.59,11.49
1385,600807,*ST天业,4.58,-0.43,-1,-2,10,0.0,-0.43,11.44
1532,603090,宏盛股份,14.65,-5.42,-1,-1,18,0.0,0.0,11.41
438,002438,江苏神通,6.94,-1.98,-1,7,20,0.0,3.74,11.4
1594,603458,勘设股份,33.90,-5.57,-1,-1,20,0.0,0.0,11.4
349,002294,信立泰,24.60,-2.23,-2,-1,11,-2.23,0.0,11.36
583,002741,光华科技,15.50,-3.49,-1,-1,18,0.0,0.0,11.27
1613,603580,艾艾精工,17.41,-5.38,-1,-1,18,0.0,0.0,11.25
1556,603192,汇得科技,33.12,-4.22,-1,-1,18,0.0,0.0,11.18
1281,600539,*ST狮头,7.07,-4.97,-1,-1,19,0.0,0.0,11.16
1088,300715,凯伦股份,24.60,-3.94,-1,-1,15,0.0,0.0,11.11
221,002080,中材科技,12.22,-5.12,-2,-1,7,-5.12,0.0,11.09
859,300326,凯利泰,10.74,-0.28,-3,-1,10,-2.01,0.0,11.07
175,000995,*ST皇台,4.53,-5.03,-1,-1,19,0.0,0.0,11.03
481,002533,金杯电工,5.25,0.19,5,11,10,5.0,13.39,10.99
1018,300583,赛托生物,36.18,-4.08,-1,-1,18,0.0,0.0,10.98
482,002536,西泵股份,11.58,-5.47,-1,-1,21,0.0,0.0,10.92
495,002560,通达股份,5.60,-6.2,-1,-1,17,0.0,0.0,10.89
760,300176,鸿特科技,44.59,-2.9,-2,-1,6,-2.9,0.0,10.87
93,000700,模塑科技,3.68,-7.3,-1,-1,19,0.0,0.0,10.84
1256,600448,华纺股份,6.36,-3.64,-2,-1,10,-3.64,0.0,10.8
807,300240,飞力达,7.86,-6.65,-1,-1,20,0.0,0.0,10.7
139,000893,*ST东凌,5.30,0.38,5,4,4,11.81,10.65,10.65
1612,603578,三星新材,21.43,-4.33,-1,-1,21,0.0,0.0,10.64
1628,603650,彤程新材,22.69,-6.78,-1,-1,18,0.0,0.0,10.63
265,002156,通富微电,10.64,10.03,5,5,4,17.57,17.57,10.49
700,300077,国民技术,10.37,7.02,5,4,4,21.43,10.44,10.44
1066,300667,必创科技,27.18,3.66,2,2,10,3.66,3.66,10.4
1277,600535,天士力,22.30,-3.84,-2,-1,10,-3.84,0.0,10.4
366,002324,普利特,11.48,-0.26,5,5,15,6.99,6.99,10.38
919,300410,正业科技,22.89,-5.96,-1,-1,16,0.0,0.0,10.37
602,002800,天顺股份,19.15,-4.39,-1,-1,19,0.0,0.0,10.37
23,000100,TCL 集团,3.63,-7.16,-1,-1,6,0.0,0.0,10.33
785,300207,欣旺达,11.86,-1.33,-2,-1,12,-1.33,0.0,10.33
1014,300573,兴齐眼药,18.10,-3.26,-1,-1,19,0.0,0.0,10.3
1102,300741,华宝股份,35.30,-2.7,-1,-1,20,0.0,0.0,10.28
1663,603829,洛凯股份,10.85,-6.22,-1,-1,19,0.0,0.0,10.26
1418,600892,大晟文化,6.79,-2.58,-1,5,13,0.0,4.62,10.23
1553,603187,海容冷链,49.20,-6.05,-1,-1,11,0.0,0.0,10.14
448,002454,松芝股份,5.12,-5.71,-1,-1,18,0.0,0.0,10.11
1044,300626,华瑞股份,8.95,-6.18,-1,-1,16,0.0,0.0,10.09
1468,601366,利群股份,6.99,-5.41,-1,-1,18,0.0,0.0,10.08
746,300155,安居宝,5.70,-3.06,-1,4,5,0.0,5.36,10.04
987,300523,辰安科技,51.95,-3.97,-1,-1,15,0.0,0.0,9.99
1622,603629,利通电子,45.95,-9.15,-1,5,4,0.0,20.92,9.93
1394,600834,申通地铁,7.54,-6.91,-1,-1,20,0.0,0.0,9.91
647,002929,润建通信,34.97,-6.1,-1,-1,18,0.0,0.0,9.9
773,300193,佳士科技,7.60,-3.8,-1,-1,20,0.0,0.0,9.83
1019,300584,海辰药业,28.03,1.26,1,1,10,0.0,0.0,9.75
1687,603936,博敏电子,18.55,-0.96,-1,11,11,0.0,9.63,9.63
496,002562,兄弟科技,5.01,-5.83,-1,-1,6,0.0,0.0,9.63
210,002064,华峰氨纶,5.24,-3.85,-1,11,11,0.0,9.62,9.62
1611,603567,珍宝岛,13.03,-5.65,-1,-1,21,0.0,0.0,9.5
857,300323,华灿光电,10.15,9.61,4,4,4,9.49,9.49,9.49
577,002726,龙大肉食,9.42,2.39,6,5,5,11.88,9.41,9.41
1148,600141,兴发集团,11.25,-2.68,-1,-1,18,0.0,0.0,9.33
105,000759,中百集团,6.47,-4.43,-1,-1,15,0.0,0.0,9.29
1618,603602,纵横通信,30.49,-2.59,-1,-1,18,0.0,0.0,9.2
1533,603100,川仪股份,10.79,-7.7,-1,10,10,0.0,9.1,9.1
1476,601579,会稽山,9.86,-1.5,-1,-1,20,0.0,0.0,9.07
1220,600321,*ST正源,2.41,-3.21,-1,10,11,0.0,6.17,9.05
283,002188,*ST巴士,3.98,-5.01,-1,-1,7,0.0,0.0,9.04
576,002725,跃岭股份,10.89,1.02,1,5,12,0.0,1.02,9.01
601,002798,帝欧家居,18.15,-4.12,-2,-1,10,-4.12,0.0,9.01
1415,600882,广泽股份,8.28,-3.61,-1,-1,15,0.0,0.0,8.95
1357,600729,重庆百货,31.99,-5.21,-1,-1,11,0.0,0.0,8.92
1489,601828,美凯龙,12.89,-7.27,-1,-1,11,0.0,0.0,8.87
30,000301,东方盛虹,5.90,-4.84,-1,10,10,0.0,8.86,8.86
1035,300610,晨化股份,13.67,-3.94,-1,-1,19,0.0,0.0,8.84
1547,603158,腾龙股份,16.06,-2.07,-1,-1,21,0.0,0.0,8.73
1410,600873,梅花生物,5.17,-4.96,-1,-1,11,0.0,0.0,8.61
412,002394,联发股份,11.30,-1.05,-1,5,20,0.0,1.99,8.45
325,002248,华东数控,10.32,1.08,1,10,8,0.0,7.61,8.4
1601,603517,绝味食品,43.00,-3.97,-1,3,8,0.0,4.09,8.39
66,000590,启迪古汉,7.63,1.6,1,10,8,0.0,10.26,8.38
1592,603429,集友股份,28.49,0.32,1,1,10,0.0,0.0,8.37
895,300373,扬杰科技,20.60,3.94,1,4,5,0.0,1.73,8.31
24,000150,宜华健康,12.51,-7.81,-1,-1,12,0.0,0.0,8.31
1207,600273,嘉化能源,9.91,-0.3,-2,-2,11,-0.3,-0.3,8.19
431,002427,*ST尤夫,15.13,5.0,1,1,7,0.0,0.0,8.15
630,002866,传艺科技,13.36,-4.71,-1,5,5,0.0,8.09,8.09
769,300188,美亚柏科,17.70,-3.01,-1,4,11,0.0,1.14,8.06
1266,600481,双良节能,4.17,-3.02,-1,-1,11,0.0,0.0,8.03
362,002319,乐通股份,12.41,0.49,5,5,13,6.07,6.07,7.91
572,002714,牧原股份,54.60,5.94,1,5,5,0.0,7.91,7.91
423,002411,延安必康,22.50,-2.81,-1,-1,6,0.0,0.0,7.91
459,002484,江海股份,7.64,-0.91,-2,-1,7,-0.91,0.0,7.91
831,300284,苏交科,12.02,-6.31,-1,-1,10,0.0,0.0,7.9
263,002153,石基信息,34.85,-0.31,5,5,5,7.83,7.83,7.83
1222,600337,美克家居,4.84,-0.41,7,5,12,5.91,4.76,7.8
1331,600655,豫园股份,8.62,-2.49,-1,-1,21,0.0,0.0,7.75
31,000338,潍柴动力,10.30,-2.28,-3,-2,7,-3.92,-2.28,7.74
300,002213,特 尔 佳,10.90,-3.63,-1,5,5,0.0,7.6,7.6
344,002288,超华科技,6.25,1.63,6,5,5,9.46,7.57,7.57
1173,600203,福日电子,5.98,-9.94,-1,-1,5,0.0,0.0,7.55
1635,603677,奇精机械,15.43,-2.47,-1,10,10,0.0,7.53,7.53
1016,300576,容大感光,17.04,0.24,-1,5,5,0.0,7.51,7.51
67,000591,太阳能,4.20,1.2,5,5,10,9.38,9.38,7.42
1656,603789,星光农机,13.50,-3.23,-1,-1,17,0.0,0.0,7.4
205,002052,同洲电子,5.10,-5.03,-1,-1,5,0.0,0.0,7.37
1028,300600,瑞特股份,24.90,-4.23,-1,-1,11,0.0,0.0,7.37
1106,300755,华致酒行,33.51,-1.59,5,3,8,8.34,8.27,7.34
966,300488,恒锋工具,25.11,-3.9,-1,-1,15,0.0,0.0,7.31
1216,600301,ST南化,6.66,-4.03,-1,-1,16,0.0,0.0,7.25
1482,601700,风范股份,9.88,-10.02,-1,-1,5,0.0,0.0,7.16
1548,603160,汇顶科技,95.20,3.03,1,5,5,0.0,7.09,7.09
1053,300644,南京聚隆,31.82,-6.58,-1,-1,15,0.0,0.0,6.99
1259,600459,贵研铂业,15.50,-6.51,-1,-1,7,0.0,0.0,6.97
1518,603037,凯众股份,21.52,-0.83,-2,-1,10,-0.83,0.0,6.96
515,002595,豪迈科技,19.19,-2.29,-2,-2,8,-2.29,-2.29,6.91
1202,600262,北方股份,19.35,-3.06,-1,-1,15,0.0,0.0,6.91
717,300102,乾照光电,7.14,-0.14,5,5,5,6.89,6.89,6.89
1025,300596,利安隆,32.00,-1.42,-3,-1,10,-2.38,0.0,6.88
332,002262,恩华药业,11.42,-4.03,-2,-1,10,-4.03,0.0,6.73
293,002203,海亮股份,8.28,-2.59,-1,-1,24,0.0,0.0,6.7
917,300406,九强生物,13.00,-4.48,-1,5,5,0.0,6.64,6.64
860,300327,中颖电子,25.03,0.4,1,5,5,0.0,6.47,6.47
1038,300615,欣天科技,22.17,2.17,5,5,5,6.38,6.38,6.38
1258,600456,宝钛股份,20.82,-5.49,-1,-1,10,0.0,0.0,6.33
196,002035,华帝股份,11.60,-6.07,-2,-1,10,-6.07,0.0,6.23
968,300493,润欣科技,12.11,-4.27,-1,4,4,0.0,6.23,6.23
1657,603801,志邦家居,28.50,-6.71,-1,-1,10,0.0,0.0,6.22
278,002180,纳思达,28.16,0.57,5,5,4,9.15,9.15,6.14
1367,600749,*ST藏旅,9.86,-5.01,-1,-1,18,0.0,0.0,6.14
627,002859,洁美科技,37.30,3.12,5,5,5,6.06,6.06,6.06
1599,603515,欧普照明,31.90,-3.36,-2,-1,7,-3.36,0.0,5.98
1530,603086,先达股份,27.41,-2.21,-1,-1,10,0.0,0.0,5.87
418,002404,嘉欣丝绸,6.68,-3.33,-1,-1,10,0.0,0.0,5.86
961,300479,神思电子,18.51,-6.61,-1,-1,5,0.0,0.0,5.77
1685,603929,亚翔集成,18.31,1.22,1,5,5,0.0,5.72,5.72
429,002425,凯撒文化,7.30,-3.18,5,5,5,5.64,5.64,5.64
357,002313,日海智能,25.97,-2.99,-2,-1,12,-2.99,0.0,5.61
1315,600614,鹏起科技,6.45,-10.04,-1,-1,5,0.0,0.0,5.56
733,300128,锦富技术,5.37,-9.9,-1,-1,5,0.0,0.0,5.5
794,300221,银禧科技,7.37,-10.01,-1,-1,6,0.0,0.0,5.44
1680,603900,莱绅通灵,13.77,-4.9,-1,-1,10,0.0,0.0,5.44
148,000915,山大华特,20.17,-0.84,5,5,5,5.38,5.38,5.38
1494,601886,江河集团,8.55,-5.84,-1,5,6,0.0,3.26,5.3
422,002410,广联达,28.62,0.14,5,5,5,5.22,5.22,5.22
988,300528,幸福蓝海,8.90,-4.91,-1,-1,17,0.0,0.0,5.2
1324,600641,万业企业,11.22,1.08,7,6,6,5.95,5.15,5.15
1297,600584,长电科技,15.90,8.16,1,4,4,0.0,5.09,5.09
1582,603337,杰克股份,41.30,-1.6,-2,-1,8,-1.6,0.0,5.06
959,300476,胜宏科技,14.60,-1.75,-1,4,4,0.0,4.89,4.89
970,300495,美尚生态,13.86,-5.52,-1,-1,6,0.0,0.0,4.84
468,002508,老板电器,26.56,-4.7,-2,-1,6,-4.7,0.0,4.77
525,002618,丹邦科技,17.09,2.52,5,5,4,9.2,9.2,4.65
1581,603322,超讯通信,35.37,-9.19,-1,-1,5,0.0,0.0,4.64
304,002218,拓日新能,3.77,-2.33,-1,-1,10,0.0,0.0,4.43
1695,603989,艾华集团,22.00,1.43,1,5,5,0.0,4.41,4.41
1408,600870,*ST厦华,3.57,-5.05,-1,-1,7,0.0,0.0,4.39
1606,603538,美诺华,20.95,3.05,1,5,5,0.0,4.33,4.33
1438,601009,南京银行,7.80,-4.18,-1,-1,10,0.0,0.0,4.28
799,300228,富瑞特装,6.60,-1.64,-1,-1,5,0.0,0.0,4.27
1698,603996,中新科技,10.76,-9.96,-1,-1,6,0.0,0.0,4.26
1187,600234,ST山水,7.45,-3.25,-1,5,15,0.0,3.04,4.2
803,300233,金城医药,15.96,-3.86,-1,-1,10,0.0,0.0,4.18
614,002821,凯莱英,87.82,-1.47,-3,-2,7,-3.04,-1.47,4.18
1010,300566,激智科技,16.01,-6.65,-1,-1,5,0.0,0.0,4.16
632,002878,元隆雅图,28.30,-1.15,-2,-1,10,-1.15,0.0,4.16
935,300443,金雷风电,15.21,-2.37,-2,-1,7,-2.37,0.0,3.96
1631,603658,安图生物,60.60,0.45,-2,-2,10,0.45,0.45,3.95
1658,603803,瑞斯康达,13.07,-7.11,-1,-1,5,0.0,0.0,3.9
502,002569,步森股份,12.34,-3.22,-1,5,5,0.0,3.87,3.87
480,002531,天顺风能,5.48,-3.52,-2,-1,6,-3.52,0.0,3.79
182,002006,精功科技,6.10,-8.82,-1,-1,5,0.0,0.0,3.74
573,002715,登云股份,18.81,-0.42,-1,5,5,0.0,3.69,3.69
1283,600552,凯盛科技,6.49,-9.99,-1,-1,5,0.0,0.0,3.67
1433,600984,建设机械,6.34,-3.5,-1,-1,10,0.0,0.0,3.59
637,002891,中宠股份,39.72,-0.87,-3,-2,7,-1.39,-0.87,3.55
947,300460,惠伦晶体,9.89,-2.27,-1,4,4,0.0,3.45,3.45
1460,601218,吉鑫科技,3.04,-7.03,-1,-1,10,0.0,0.0,3.4
967,300491,通合科技,18.82,-4.08,-2,-1,5,-4.08,0.0,3.29
223,002083,孚日股份,5.66,-2.58,-1,-1,11,0.0,0.0,3.28
1633,603668,天马科技,8.90,1.6,4,4,4,3.25,3.25,3.25
974,300504,天邑股份,30.19,-8.65,-1,-1,5,0.0,0.0,3.07
227,002090,金智科技,19.85,3.76,3,6,6,3.87,3.06,3.06
1279,600537,亿晶光电,4.10,-4.87,-1,-1,10,0.0,0.0,3.02
504,002572,索菲亚,20.61,-5.76,-2,-1,5,-5.76,0.0,2.95
238,002115,三维通信,12.73,-1.01,-2,-1,7,-1.01,0.0,2.91
929,300436,广生堂,26.53,-4.15,-1,-1,10,0.0,0.0,2.91
1616,603599,广信股份,15.01,-1.18,7,5,5,5.78,2.81,2.81
651,002941,新疆交建,35.98,-10.01,-1,-1,5,0.0,0.0,2.8
1552,603185,上机数控,57.75,-6.67,-1,-1,10,0.0,0.0,2.74
941,300450,先导智能,35.25,0.43,-3,-2,10,-1.26,0.43,2.71
1649,603739,蔚蓝生物,36.55,-10.0,-1,-1,6,0.0,0.0,2.7
713,300097,智云股份,15.91,0.7,7,5,4,10.1,9.72,2.65
1235,600373,中文传媒,14.78,-1.86,-1,5,10,0.0,4.23,2.64
282,002185,华天科技,6.25,2.97,5,5,4,12.82,12.82,2.63
1178,600215,长春经开,8.25,0.86,4,4,4,2.48,2.48,2.48
236,002106,莱宝高科,8.29,-4.93,-1,-1,5,0.0,0.0,2.47
1506,603006,联明股份,13.72,-9.08,-1,5,4,0.0,12.74,2.46
1111,600027,华电国际,4.60,-1.5,-2,-1,10,-1.5,0.0,2.45
1153,600152,维科技术,7.06,-2.08,-1,-1,5,0.0,0.0,2.32
1171,600201,生物股份,17.02,-2.52,-1,5,4,0.0,5.32,2.22
1420,600900,长江电力,16.66,-0.18,-1,4,7,0.0,2.21,2.21
1249,600421,ST仰帆,9.07,0.89,1,5,5,0.0,2.02,2.02
506,002579,中京电子,11.66,-0.51,5,4,4,5.9,2.01,2.01
1015,300575,中旗股份,57.06,1.77,1,1,8,0.0,0.0,1.97
1190,600239,云南城投,3.76,-4.81,-1,4,4,0.0,1.9,1.9
1121,600073,上海梅林,8.79,0.46,1,5,5,0.0,1.62,1.62
509,002582,好想你,9.13,-4.1,-1,-1,5,0.0,0.0,1.56
1126,600085,同仁堂,30.00,-1.64,-2,-1,10,-1.64,0.0,1.49
39,000504,南华生物,13.63,-3.81,-1,-1,4,0.0,0.0,1.49
142,000902,新洋丰,9.76,-2.69,-1,-1,5,0.0,0.0,1.46
1412,600877,ST嘉陵,4.90,-5.04,-1,-1,7,0.0,0.0,1.45
623,002848,高斯贝尔,16.21,-8.62,-2,-1,5,-8.62,0.0,1.38
16,000048,*ST康达,19.98,-0.25,-3,-3,6,-0.2,-0.2,1.16
273,002170,芭田股份,4.43,-9.96,-1,-1,4,0.0,0.0,1.14
547,002660,茂硕电源,7.20,-6.49,-1,-1,6,0.0,0.0,1.12
907,300395,菲利华,19.22,1.64,1,1,5,0.0,0.0,1.0
317,002236,大华股份,16.65,-1.19,-2,-1,5,-1.19,0.0,0.97
732,300126,锐奇股份,5.84,-7.74,-1,-1,5,0.0,0.0,0.86
118,000823,超声电子,10.37,2.17,1,5,4,0.0,4.22,0.58
303,002217,合力泰,7.60,-0.13,-2,-1,5,-0.13,0.0,0.26
486,002543,万和电气,14.51,-4.85,-1,-1,4,0.0,0.0,0.07
341,002281,光迅科技,32.58,3.04,1,1,1,0.0,0.0,0.0
644,002916,深南电路,118.29,4.5,1,1,1,0.0,0.0,0.0
1363,600745,闻泰科技,29.97,3.34,1,1,1,0.0,0.0,0.0
1511,603017,中衡设计,14.98,0.4,-2,-1,1,0.4,0.0,0.0
1048,300632,光莆股份,18.58,-0.05,-2,-1,7,-0.05,0.0,0.0
247,002129,中环股份,10.00,0.2,-2,-2,1,0.2,0.2,0.0
1288,600566,济川药业,35.46,0.94,1,1,9,0.0,0.0,-0.11
906,300393,中来股份,22.10,-2.0,-1,-1,4,0.0,0.0,-0.36
535,002640,跨境通,12.62,-2.7,-1,4,4,0.0,-0.63,-0.63
445,002449,国星光电,12.96,-2.48,-1,-1,5,0.0,0.0,-0.77
1496,601908,京运通,4.22,-4.09,-1,-1,10,0.0,0.0,-0.94
595,002773,康弘药业,42.30,-2.26,-2,-1,5,-2.26,0.0,-0.96
204,002050,三花智控,15.70,-1.38,-2,-1,5,-1.38,0.0,-1.07
79,000636,风华高科,15.32,-0.58,-2,4,4,-0.58,-1.23,-1.23
718,300104,乐视网,2.92,-8.75,-1,-1,5,0.0,0.0,-1.35
743,300149,量子生物,17.58,-1.84,-3,-2,6,-4.3,-1.84,-1.51
1660,603823,百合花,17.87,-1.54,4,3,2,4.69,3.12,-1.54
734,300129,泰胜风能,4.11,-4.42,-1,-1,10,0.0,0.0,-1.67
782,300203,聚光科技,27.88,-3.5,-2,-1,5,-3.5,0.0,-3.09
1451,601127,小康股份,17.18,-5.4,-1,-1,3,0.0,0.0,-4.18
1461,601231,环旭电子,12.50,-1.26,-2,-1,4,-1.26,0.0,-4.8
286,002191,劲嘉股份,9.89,-4.81,-1,4,2,0.0,1.64,-4.81
1206,600271,航天信息,29.00,-5.69,-1,2,2,0.0,-5.69,-5.69
47,000529,广弘控股,6.62,-6.1,-1,4,2,0.0,3.92,-6.1
